,text,label
0,"이번에 구매한 제품은 정말 실망스러웠어요. 직원들이 추천해 준대로 구매했는데, 전혀 마음에 들지 않았어요. 다른 사람들은 만족한 것 같은데, 내게는 맞지 않는 제품이었어요. 솔직히 인터넷에서 더 싸게 살 수 있는 것도 알았는데, 그냥 직원들의 의견을 믿고 사버린 것 같아 후회되네요. 또한, 직원들이 대화를 걸어주지 않거나 대답이 없는 경우가 많아서 직접 정보를 찾아보고 구매해야 했어요. 결국에는 감정적으로 상하게 되고 시간만 낭비하게 됐어요. 이런 경험을 토대로 다른 사람들은 가지 않는 것을 추천드립니다.",1
1,베트남 음식과는 다른 맛이지만 맛있어요. 조금 독특한데도 불구하고 맛있어요. 쌀국수는 투명한 면이 아니라서 조금 신기하지만 익숙해지면 향신료를 추가해서 먹으면 좋아요. 베트남 커피도 한 번씩 꼭 드셔보세요. 설명도 친절해요. ,1
2,"오배넌의 정교한 각본과 바뎀의 역량 있는 연출이 합쳐져, 전설적인 영화가 탄생했습니다. 냉혹하게 맞붙는 두 명의 배우들의 대결은 진정한 향연이었으며, 특히 헬리콥터를 조종하며 도시를 날아다니는 장면에서는 몰입도가 더욱 깊어졌습니다. 신중과 공격의 균형을 이룬 히로인의 도전은 시청자들에게 강력한 여운을 남겼고, 이는 21세기 공중전의 서막이라고 해도 과언이 아닙니다. 천사와 괴물이라는 대표적인 상징들을 통해 영화는 인간의 설레임과 공포를 동시에 그려냈으며, 이는 관객들에게 감동을 선사했습니다. 전투의 과정을 통해 주인에 의해 벌어지는 천둥의 펼치기를 지켜볼 수 있었고, 이는 스크린을 통해 전달되는 경이롭고 장관한 시각적 이미지를 제공해주었습니다. 총맞고, 피 뱉으며 테러를 소탕하는 헬리콥터는 정말 실감나는 장면이었으며, 이러한 역동적인 액션은 영화의 재미를 한층 더 높여주었습니다. 전 세계의 관객들에게 강력한 메시지를 전달하면서도 에너지 넘치는 영화였어요.",1
3,"이것은 정말 맛있는 음식이에요. 동네 음식점 수준을 뛰어넘는 맛과 부드러움을 지닌 우동 면발이에요. 튀김도 너무 맛있고 바삭하게 튀겨져 있어요. 이 곳에서는 마제소바 돈까스도 맛있대요. 진짜 멀리 나가서 이 정도로 잘하는 우동면을 찾기도 힘들었는데, 이곳에서 먹으면 될 것 같아요. 우동면은 조금 얇은 편이지만 맛있게 먹을 수 있어요. 사진은 못 찍었지만, 다음에는 꼭 찍어야겠어요.",1
4,"이 영화에 대한 나의 의견은 빵점을 주고 싶은걸 간신히 참았다는 것이다. 이런 영화는 사상 유래가 없는 조지 루카스의 스페이스 오페라-별들의 전쟁에 비하면 애들 장난만도 못한 수준이다. 그나마 피터 정 감독의 다크 퓨리 때문에 어느 정도 참고 평점 2점 정도, 적선한 셈치고 선사된 걸로 보아야한다. 그러나 속편은 좀 더 신경을 쓰면 좋을 것이다.",1
5,어젠 했던 감자튀김 주문했는데... 왜이렇게 눅눅하고 최악이었을까요? 저녁에 가면 또 어떤 튀김이 나올지 상상도 안되네요ㅋㅋ 햄버거에 야채 추가하려고 했는데 추가가 안되더라고요. 그냥 기본으로 주셨어요. 제가 그 자리에서 바로 확인해봐야 할까요? 진짜 너무하네요ㅋㅋ 아르바이트생 문제인가요?ㅋㅋ,1
6,"홍티라 버거를 할인 받아 주문했는데, 어떤 결함이 있더라구요. 홍차소스 추가 요청과 고구마 추가도 함께 했었는데, 돌아와서 봤더니 소스도 없고 고구마도 별로 없어요. 주문한지 2분만에 나왔길래 좀 의아했지만 맛은 그저 그런 무난한 커피킹이었네요. 서비스에 좀 더 신경 쓰면 좋겠어요, 참고로 포장시에는 꼭 확인해보시는 것을 추천드려요!",1
7,"레벨링, 재미, 편의성, 그래픽의 모든 측면에서 예상에 미치지 못해 실망스러웠습니다. 이 게임은 저에게는 기대에 못 미치는 작품으로 다가왔어요. 저는 2년 동안 기다리며 킥스타터에서 후원한 만큼 큰 기대를 했었는데, 그 기대가 완전히 배신당했습니다. 저는 이 게임의 레벨링 시스템, 재미 요소, 사용자 편의성, 그래픽들이 모두 만족스럽지 않았습니다. 이에 대해 개발자 분들께서는 개선을 해주셨으면 좋겠습니다. 물론 어떤 사람들에게는 멋진 게임일 수도 있겠지만, 만약 제가 친구들에게 이 게임을 추천한다면 저와의 관계가 위태롭게 될 것 같아요.",1
8,"영화를 보러 간데 티비에서 이게 뭐야! 한 편의 어른 동화를 보는 느낌이었어요. 순수함으로 힐링을 받았다고 할까요? 암튼, CG가 조금 부실했지만 나라씨가 울 때 함께 울었답니다ㅠ 나라씨는 다른 사람들도 같이 울게 하는 재주를 가지고 있으신 것 같아요ㅎㅎ 연기도 정말 좋았어요! 영화를 잘 봤습니다^^",1
9,"이곳은 평점이 없어서 안타깝지만, 숨겨진 동네 맛집입니다. 사장님은 요리를 맡으시고 사모님이 배달을 해주십니다. 간짜장과 탕수육이 정말 대단합니다. 이런 식당은 정말로 드물죠. 짬뽕은 조금 맑은 편이지만 너무 자극적이지 않아서 좋습니다. 탕수육 소스는 평범한편이지만 오이가 크게 썰려있어 특이한 맛을 선사합니다. 그리고 탕수육 튀김은 정말 맛있습니다.",1
10,"라운즈 앱에서 안경과 도수렌즈를 구매하였습니다. 제 시력이 좋지 않아서 렌즈 결정하는 것이 조금 어려웠는데, 직원분들이 너무 친절하게 설명해주시고 시력 검사도 정말 꼼꼼하게 해주셔서 결정하기 쉬웠습니다. 또한 안경을 피팅해주신 직원분들이 제 얼굴에 딱 맞게 맞춰주셔서 착용감이 정말 좋았어요. 정말로 만족스러운 구매 경험이었습니다.",1
11,저희 가족은 주말 점심에 이 식당에 다녀왔는데요. 예약은 두 달 전에 했어요. 가족들 모두 만족도가 높아서 또 오자고 했어요. 주목할 만한 점은 남녀 차별이 없다는 거에요. 조금 밥을 적게 선택한 사람들은 밥을 따로 주시더라도요. 저는 여성이고 다 크고 두껍은데도 적절한 양의 밥을 제공해주셨어요. 제가 편식을 하는 편인데 식사가 너무 맛있어서 한 입에 다 먹었어요. 이 식당은 정말로 훌륭한 곳이에요.,1
12,이 가게의 부점장은 정말 불친절하고 말투도 모욕적입니다. 서비스 업계에서 이런 사람이 고객 응대를 한다는 것이 정말 믿기지 않습니다. 저는 옥수동에 20년동안 살아왔는데 이 가게가 처음으로 손절한 가게입니다. 만약 장사를 오래 하고 싶으시면 부점장을 교체해 주세요. 전화로 고객 응대를 하다가 이마저도 끊고 그 자리에서 고객을 비웃는 것이 어떻게 말이 되는 건지 이해할 수 없습니다. 다른 고객들도 이런 말을 듣고 있다는 것을 기억하셔야 합니다. 지나가다 한 마디 남기고 갑니다.,1
13,"피자집의 피자가 맛있는데 가격이 20,000원이라고 해서 기대했는데, 맛은 좋지만 뭔가 부족했습니다. 토핑이 별로 없고 얇은 크러스트라서 배를 든든하게 채워주지 못했어요. 가격 대비 양이 너무 적어서 실망스러웠습니다. 가격 때문에 다시 방문하지 않을 것 같아요. 다른사람들이 칭찬하는데 왜 그런지 의문이 들 정도였어요. 진짜 맛있는 피자를 먹고 싶었는데 좀 아쉽네요.",1
14,"이 동네에는 숨겨진 맛집이 있다는 후문이 있었어요. 평점이 없어서 조금 아쉽지만, 남겨보기로 결심했어요. 이곳에서는 사장님께서 요리를 하시고, 사모님이 배달을 담당하시는 곳이에요. 그리고 진짜 간짜장과 탕수육이 정말 맛있다는 소문을 듣고 찾아왔어요. 진짜 간짜장을 이 정도로 잘하는 곳은 찾기 힘들 것 같아요. 그리고 짬뽕은 약간 맑은 맛이지만 느끼하지 않아서 좋았어요. 탕수육 소스는 평범한 편이지만, 오이가 크게 썰려서 특별한 맛을 냈다고 해요. 심지어 탕수육 튀김도 속을 만족시키는 맛이었어요. 이 집에서 맛있는 음식을 맛보고 싶다면 추천해요.",1
15,"같이 주문해서 치킨 반마리와 골뱅이 소면무침을 먹을 수 있는 것이 좋았어요. 치킨은 평균적인 맛이었지만, 골뱅이 소면과 함께 먹으니 맛이 더욱 돋보였어요. 사이드 메뉴를 같이 주문하는 것을 추천하고 싶어요. 다만, 치킨 크기와 살의 양이 조금 아쉬웠어요. ",1
16,"별 한 개도 아까운 욕나오는 곳이라니, 정말로 현타 온다. 댓글 작성자들은 분명 돈을 받고 댓글을 단 거 아닐까? 이 집은 동결된 음식이라 해도 술집에서 제공되는 기본적인 반찬 하나도 없는 곳이야. 이런 곳을 좋다고 하는 사람들은 도대체 무슨 생각인지 이해가 안 가. 김치를 요청하면 중국산을 가져온다는데, 가격은 놀랄 만큼 비싸 무려 강도처럼밖에 없어. 절대 가지 말아야 할 곳이야. 정말로 너무나도 욕나오는 곳이라니까!",1
17,"아니 내가 후기를 잘 안남기는데... 이 아르바이트들은 진짜 서비스 마인드가 없어. 햄버거도 식고, 감자튀김도 언제 만들었는지 모르게 차갑고 기름에 젖어서 눅눅해... 진짜 집근처 다른 매장과 비교하면 맘스터치는 감자튀김이랑 진짜 중요한데, 이렇게 된다면 다신 안가고 싶겠어.",1
18,"[위생불량-이물질] 피자를 주문했는데 음식에서 이물질을 발견했습니다. 환불을 요청했더니 상점은 말도 안 되는 제안을 하더군요. 단 두 조각만 남기고 50% 환불하는 건 너무 불공평했습니다. 더구나, 그들은 식재료가 아닌 이물질이라고 주장했습니다. 저는 직접 확인했지만 상점은 말을 반복하며 회수를 거부하고 환불 요청을 철회했습니다. 이는 피자 토핑 위에서 발견된 게 아니라 식사 중에 씹다가 나온 이물질이었습니다. 상점과 본사에서 확인이 끝나면 내일 연락한다고 했으니 기다려보겠습니다.",1
19,"정말 멋진 카페입니다. 다른 지점은 가보지 않았지만, 컴퓨터를 주로 사용하는 저로써는 컴퓨터 좌석이 분리되어 있고 밑에는 프린트 서비스와의 제휴도 되어있어서 정말 좋았어요. 시설도 청결하고 상태가 좋아요. 공사 때문에 시끄러웠을 것 같은데 이미 끝나서 조용합니다. 직원분들도 매우 열심히 일하시고 친절하셔서 좋았어요.",1
20,"메가박스에서 세계적인 오리지널 공연을 간접적으로라도 볼 수 있어서 정말 만족스러웠어요. 틈 없이 연속적으로 보는 과정에서는 약간의 숨이 차긴 느낌이 있었지만, 전반적으로는 굉장히 즐거웠어요. 좌석은 중앙 자리를 잡아서 몰입감이 상당했고, 정말 최고의 경험이었습니다. 메가박스에는 감사의 말을 전하고 싶네요!",1
21,"일단, 장사가 잘 되기를 바라는 마음에서 별 다섯 개 드립니다. 수입이 딱 맞고, 저는 매운 음식을 좋아하기 때문에 싱겁지 않았어요. 다만, 당면사리와 라면사리가 동시에 들어가는데, 면사리 양이 조금 많아서 국물이 빨리 쫄고, 면도 금방 부글부글 끓어 나오는 것 같아요. 그래서 면을 한 종류만 사용하시는 것은 어떨까요? 당면 면은 필요한 고객들에게만 주문을 받는 게 더 좋을 것 같아요. 번창하기를 기원합니다!",1
22,"빵점 주고 싶은걸 간신히 참았다...이런건 사상 유래가 없는,조지 루카스 영감의 스페이스 오페라-별들의전쟁에 비하면,애들 장난만도 못한거다.그나마 피터 정 감독의 다크 퓨리때문에 꾹 참고,평점2점정도 ,적선한 셈치고,선사한 거지...속편은,신경좀 써라",1
23,"별 한 개도 아까운 욕 나오는 곳이다. 이런 쓰레기 같은 곳을 좋다고 댓글 올려 놓은 것들은 돈 먹고 댓글 달았나? 완전히 얼어붙어 있는 음식들이더라도 술집에서 기본 찬 하나 없는 이런 곳을 좋다고 하는 사람들은 이해할 수 없다. 요청해서 온 김치는 또 중국산이며 가격은 강도처럼 비싸고 절대 가지 말아야 할 곳이니까.",1
24,"이 가격대로는 이런 품질을 가진 곳이 주변에 드물다고 생각해요. 도우는 매우 쫄깃하고 맛있어요. 고구마 토핑도 넉넉하게 주시고, 페퍼로니도 푸짐하게 올려주셔서 만족스러웠어요. 스파게티도 맛이 좋았다는 점을 덧붙이고 싶어요. 하지만, 불고기와 쉬림프의 단맛은 약간 줄였으면 좋겠다는 생각이 들어요.",1
25,"직원들이 마음에 들지 않는다는 것은 알겠지만, 가지 말아야 할까? 인터넷에서 싸게 살 수 있는 것도 알면서 나만의 질문을 하려고 하니까요. 그런데 직원들은 걸어서 대화하거나, 아무 대답이 없는 경우가 많아요. 그래서 결국 인터넷에서 직접 찾아보고 구매하려고 생각했어요. 가지 마세요. 감정적으로 상하고 시간만 낭비하게 될 거에요.",1
26,"종류에 상관없이 이 사이트에서 구매한 모든 김치들은 정말 맛있어서 매번 재구매하고 있어요. 하지만 최근에 받은 한 종류의 김치는 양념이 이전에 비해 적고 맛도 덜한 것 같아요. 익혀도 여전히 맛이 없어서 좀 실망했어요. 같은 종류의 김치를 주문할 때마다 맛이 달라지니까 조금 믿고 주문하는 게 어려울 것 같아요. 그래도 포장은 꼼꼼하게 잘 와서 다행이에요. 경험상 다른 종류의 김치는 여전히 맛있어서 이점은 유지되고 있어요.",1
27,"떡볶이의 가격은 조금 비싸다고 느껴졌습니다. 맛은 괜찮았지만, 양이 조금 모자라는 느낌이 들어서 아쉬웠습니다. 재방문을 고려하려면 가격 대비 양이 조금 더 있어야 할 것 같아요. 처음 가게를 방문한 때에는 치본스테이크를 보너스로 주셨는데, 양이 적어서 가격의 이익을 제대로 누릴 수 있는지 의문이 들었습니다. 이번에 2월에 준비하는 것을 보았을 때 기대하였지만, 결과는 실망스러웠습니다. ",1
28,"도대체 무슨 상황인지... 할머니가 욕지거리로 아침을 시작하니, 마치 도깨비 시장 같아요. 시장 상인회에 전화하니 아무런 답변도 없더라구요. 이런 일이 생길 수도 있으니 조심해야겠어요. 물건을 보고 안 사는 것도 자유니까 할머니에게 동정하는 마음을 갖고 싶지만, 그렇게까지 심한 욕설이나 모욕은 좋지 않아요. 이런 일로 인해 젊은 세대들이 시장을 멀리하는 것 같아서 너무 아쉬워요. 방학동 명물인데, 이렇게 미묘한 상황이라면 아쉬워도 이해할 수밖에 없겠죠.",1
29,"처음에는 호의적이었지만, 전화로 문의할 때마다 상당히 불편함을 느꼈습니다. 방문을 요청하며 칭찬받는 말로만 친절하게 대응하지만, 실제로는 부착비를 무조건 내라며 재방문시 언제나 비용을 청구하는 경향이 있었습니다. 카메라 보호 필름은 다른 곳에서도 3000원에 팔고 부착하는데도 불구하고, 존댓말로만 이야기하며 명령조로 질문을 우회하려고 하는 모습에 실망스러움을 느낄 수밖에 없었습니다. 이처럼 서비스의 품질이 계속해서 변화하는 것은 정말로 안타깝습니다.",1
30,"치즈렐라 버거를 특가로 주문했는데, 약간의 문제점이 있네요. 치즈 추가와 야채 추가를 요청했는데, 받아보니 치즈는 하나도 없고 야채도 별로 없어요. 주문한지 2분만에 나왔어서 처음에는 조금 의아했지만 맛은 평범한 버거킹 수준이었습니다. 서비스에 조금 더 신경을 쓴다면 더 좋을 것 같습니다. 그리고 포장 시에는 꼭 확인해보시는 것을 추천드립니다!",1
31,"먼저, 매장에 별 다섯 개를 주고 싶습니다. 맛도 정말 괜찮았고, 제가 매운 음식을 좋아해서 딱 맞아서 좋았어요. 고기의 양도 적절하고, 양념도 매우 만족스러웠어요. 다만, 면사리의 양이 조금 많아서 국물이 빨리 쫄았고 면도 빨리 불렀어요. 그래서 면을 한 가지만 사용하신다면 더 좋을 것 같아요. 그리고 당면 면은 필요한 고객들이 주문할 수 있도록 하는 것도 좋을 것 같아요. 계속해서 번창하시길 바랄게요!",1
32,"숨겨진 동네 맛집이에요. 평점이 없어서 아쉬워서 리뷰를 남깁니다. 사장님이 요리하시고 사모님이 배달을 담당하시는 곳이에요. 이 곳의 간짜장과 탕수육은 정말 최고입니다. 간짜장은 이렇게 제대로 된 곳이 드물어요. 짬뽕은 약간 맑은 스타일이지만 매우 맛있어요. 탕수육 소스는 평범한 것 같지만 오이가 크게 썰려서 특이한 맛을 느낄 수 있고, 탕수육 튀김은 정말 진짜입니다.  ",1
33,"날씨는 약간 아쉬웠지만, 산과 바다의 조합이 아름다웠어요. 파스타도 맛있고, 피자와 와인의 조합도 훌륭합니다. 음식이 풍부해 너무 많이 먹어서 죄송합니다. 다음에는 사전에 예약하려 합니다. 디저트는 달콤하지만 맛있습니다. 주인분과 직원분들의 친절함도 인상깊었습니다. 맛은 최고는 아니지만 분위기와 서비스가 최고점수입니다. 다른 더 좋은 레스토랑도 있을 수 있지만 말이에요.",1
34,"직원들 정말 싸가지 없네요 ㅋㅋㅋㅋ 인터넷에서 더 싸게 구입할 수 있다는 걸 알면서도 여러 가지를 물어보려고 했는데, 직원들은 돈을 벌 수 없는 질문이면 걸어가며 말하던지, 모르는 척하더라고요. (고객은 뒤를 따라가며 듣고 있음) 그냥 인터넷에서 문의하고 구매하면 되겠네요. 별점 낮게 줄게요. 감정이 상하고 시간만 아까워요.",1
35,"스터디카페 신세계에 완전 좋아요! 다른지점은 가보지 않았지만, 여기의 시설은 정말 좋아요. 노트북을 많이 사용하는데, 노트북 좌석이 분리되어 있어서 편하게 사용할 수 있었어요. 또한, 밑에 있는 에그셀런트와 제휴가 되어 있어서 편리하게 음식을 주문하고 먹을 수 있었어요. 시설도 깔끔하고 좋아서 정말 편안하게 공부할 수 있었어요. 공사 때문에 조용하지 않을까 걱정했지만, 공사가 끝나서 조용하게 공부할 수 있었어요. 직원분이나 사장님같은 분이 열심히 일하시고 매우 친절하셔서 좋았어요. 전반적으로 스터디카페 신세계는 추천할 만한 곳입니다.",1
36,"치킨을 주문할 수 있는 반마리 사이즈가 있어서 친구와 함께 주문하였습니다. 소면무침을 추가로 주문하니 맛이 더욱 새롭게 느껴졌어요. 사이드 메뉴를 함께 주문하는 것이 더욱 풍성한 식사였습니다. 다만, 치킨의 크기가 작고 살이 별로 없어서 아쉬웠습니다. 하지만 그 외의 점은 매우 만족스러웠습니다.",1
37,"[위생불량-이물질] 
음식을 주문했는데 이물질이 들어있어서 회수요청을 했더니, 회수를 위해 본사에서 내일 연락하겠다고 했습니다. 하지만 직접 보고하니 계속해서 회수를 거부하고 환불을 철회하라고 말하더군요. (피자 토핑 위에서 발견된 것이 아니라 씹다가 나온 것이었습니다)",1
38,"진짜 일하는 분들이 너무 시끄러웠어요. 심지어 개인적인 이야기를 할 때도 목소리가 너무 크고 소음이 심했어요. 밥을 먹을 때는 코로 들어가는지 입으로 들어가는지 구별하기 어려웠어요. 그리고 냉면에 참기름을 워낙 많이 넣은 것 같아서 국물이 기름으로 둥둥 떠다니고 너무 느끼한 느낌이 들었어요. 김밥을 덮어서 주지 않고 그대로 가져다 주셨고, 직원들끼리 이야기를 하면서 손님의 주문을 제대로 듣지 못해 여러 번 물어봤어요. 결국 모든 음식을 남기고 나왔는데 돈을 지불하고 싶지 않았어요. 전체적으로 서비스와 음식 퀄리티가 많이 아쉬웠어요.",1
39,"극장판은 정말 최고지만 내가 느끼기에는 네티즌들이 사골을 너무 많이 언급해서 중복된 느낌을 받았다. 국밥을 이길 수 있는 사골이라는 얘기가 나왔는데, 그렇게 되면 TV판이나 스토리가 엉망이 될까봐 걱정이 되기도 한다. 아직 큐는 안 봤지만, 사람들이 차라리 사골이 더 좋다고 한다. 그래서 큐는 망할 것 같은 느낌이 든다. 
",1
40,"이 게임은 1편과 비교하기 어렵지만, 여전히 흥미로운 요소들이 있어요. 게임 플레이가 훨씬 편리해진 시스템 개선은 큰 변화를 가져왔습니다. 특히 1편에서 매력적으로 변화한 리틀 시스터의 모습은 눈에 띄었어요. 또한, 설정의 확장으로 인해 더 많은 볼거리를 제공하여 만족감을 주네요.",1
41,"김밥 메뉴가 정말 멋졌어요. 면목동의 다른 가게들과 비교해봐도 최고였어요. 비빔국수는 멸치국수집에서 먹은 그 어떤 비빔국수보다도 300배 맛있었어요. 하지만, 주문 완료 후에 카드나 현금을 받아주셨던 건 조금 아쉬웠어요. 비닐장갑을 빼고 끼고 하는 장소 이동 과정도 조금 걱정스러웠어요. 그래도 김밥 구성은 훌륭해서 정말 만족스러웠어요.",1
42,"저는 별 다섯 개를 주고 싶어요. 맛도 딱 맞았고, 제가 매운 음식을 좋아해서 맵기도 정확했습니다. 그런데 제 입장에서는 당면사리와 라면사리가 함께 들어간다는 게 조금 아쉬웠어요. 면사리의 양이 많아서 국물이 빨리 쫄아들어가고 면도 금방 끓더라구요. 제안으로는 면을 한 가지만 사용하시는 건 어떨까요? 많은 사람들이 이런 고민을 하지는 않을 수도 있겠지만, 당면 면은 필요한 고객들에 한해서 주문을 받는 게 더 좋을 것 같아요. 그 외에는 제 입장에서는 모든 것이 완벽했습니다. 번창하세요!",1
43,"이 분식집은 정말 맛있어요! 정릉역 근처에 위치한 이곳은 떡볶이, 튀김, 순대, 어묵, 라면 등 다양한 메뉴를 제공합니다. 특히 떡볶이는 다른 곳과는 조금 다른데, 쌀떡을 사용하고 매운맛과 달콤함이 적절하게 어우러져 맛있고 작은 양식집 카페처럼 깔끔한 인테리어도 마음에 듭니다. 떡볶이를 시켜보는 순간 별 기대없이 먹었는데, 정말로 훌륭한 맛이었어요!",1
44,"왜케 여자직원들 말투가 공손하지 않지? 어느 날 카페에 가서 커피를 마시려고 했는데, 남자직원이 아니라 여자직원이 나한테 불친절하게 응대했어. 밥도 먹고 기분 좋게 카페에 왔는데, 그냥 커피 주문하려니까 툭툭 쳐다보면서 응대하라는 식으로 했어. 그리고 그냥 먹고 가려고 했을 때, 갑자기 다른 남자직원이 먹고 가느니까 신경이 쓰인다고 얼굴을 찡그리더라고. 질문하는데도 설명해주지도 않고 별 관심없는 척 멀리서 불친절하게 대답하고 다니는 건 내가 태어난 이래 처음이야. 너무 기분 나빠.",1
45,도넛 사러 갔는데 너무 실망했어요. 도넛장이 바깥으로 열려있어서 손님이 직접 집을 수 있게 해놨더라구요. 그리고 유리장이 열려있는데도 매장 안에서는 손님들이 다 마스크를 벗고 대화하고 있었어요. 앞에 애들 둘이 손으로 도넛을 만지려고 하면서 대화를 하고 있었는데 마스크를 제대로 끼고 있지도 않은 상태였어요. 그리고 도넛을 계속 만지려고 하는데도 아무도 막지 않았어요. 이 매장은 예전에 가끔 사먹었던 곳이었는데 오랜만에 갔더니 매장 관리가 너무 안좋아서 다시는 안갈 것 같아요. ,1
46,"피자의 가격은 15,000원으로 맛은 괜찮았지만, 가격에 비해 크기가 작아서 실망했습니다. 토핑도 적게 올려져 있어서 제 입맛에는 조금 부족했습니다. 이번에 처음 방문하게 되었는데, 가격 대비 양에 대해 의문이 생겼습니다. 다른 사람의 추천으로 방문했는데, 제 기대와는 많이 달라서 아쉬웠습니다.",1
47,카카오점수(당시 4.5점) 기대하고 갔는데 실망이 컸어요. 삼겹살이 불향이 너무 약해서 별로였습니다. 양도 적어서 아쉬웠어요. 더구나 양파가 부족해서 아들이 못 먹을 정도로 마늘이 없었어요. 다음에는 다른 곳으로 가야겠다고 생각했습니다.,1
48,"너무나도 실망스러워서 빵점 주고 싶을 정도에요... 이 영화는 별들의 전쟁처럼 역사적인 작품일 줄 알았는데, 아이들 장난감 수준이랑도 비교가 안 되는 수준이었어요. 피터 정 감독의 다크 퓨리 때문에 살짝 참았는데, 이걸로도 고작 개연성만 챙긴 거라고 생각이 들어서요... 속편을 만들 때는 좀 더 신경을 써주셨으면 좋겠어요. 평점 2점밖에 주고 싶지 않아요.",1
49,"정릉역 앞의 분식집에서는 다양한 분식 메뉴를 즐길 수 있어서 좋았습니다. 특히 떡볶이는 쌀떡으로 만들어져서 쫄깃하고 부드럽게 먹을 수 있었고, 맵기도 적당해서 입맛에 딱 맞았습니다. 또한 떡볶이의 달달한 맛이 돋보이는데, 이것이 더욱 맛있게 느껴지게 해줬습니다. 실내 분위기도 카페처럼 아늑하고 편안해서 즐거운 식사를 할 수 있었고, 떡볶이는 평균 이상의 맛을 가지고 있어서 만족도가 높았습니다. 다음에도 또 방문하고 싶은 곳이었습니다.",1
50,사장님.. 예전에 가게 옮기기 전에 자주 갔는데 싼가격에 모밀도 엄청 많이 주셔서 너무 좋았었는데 가격이 오른건 괜찮은데요 모밀 양이 한젓가락밖에 안되고 롤도 집으면 다 풀리네요.. 예전엔 배불러서 남겼는데 다 먹어도 배고프고요ㅠㅠ 초심을 잃으신듯해요 오랜만에 왔는데 기분이 안좋네요 다신 안올듯합니다 여기 경희대 주변에 맛있고 합리적인 식당 많으건 잘 아실텐데.. 이제 경쟁력이 없네요,1
51,그룹으로 방문해서 맛있게 먹었는데 회뿐만 아니라 술도 시키면서 적당히드시라는 말을 계속해서 사용해 좀 불쾌했어요. 무한리필이라고 하지만 이정도까지 부담스러울 줄은 몰랐어요. 운동선수처럼 많이 먹는 것도 아닌데 테이블에서 TV를 보면서 맥주를 마시는 건 별로였어요. 손님이 우리 테이블뿐인데 그렇게 대우를 받으니 싫네요. 다음에는 이곳에 방문하지 않을 거에요.,1
52,"라운즈 앱을 통해 신발과 사이즈를 구입했습니다. 제 발 사이즈가 특이해서 사이즈 선택에 애를 먹었는데, 직원분들이 매우 친절하게 도와주셨습니다. 발 사이즈 재는 것도 꼼꼼하게 해주시고, 어떤 질문에도 잘 대답해주셔서 정말 감사했습니다. 특히 제 발에 잘 맞는 신발을 찾아 맞춰주셔서 편하게 사용할 수 있었습니다.",1
53,"비건 친구한테 추천받아서 여기 갔는데, 다른 비건 식당들과는 차원이 다른 맛이더라고요ㅋㅋㅋ 브루고뉴 스타일의 리조토는 정말 특별했고, 신선한 시금치 패스코파스타는 입맛을 돋구어 주었어요. 그리고 고기가 없는데도 풍부한 맛을 선사하는 노미트 보울은 정말로 가치있는 선택이었어요. 한국에도 이런 비건 식당이 더 많이 생기면 좋겠다는 생각이 들었답니다. 샐러드와 야채들의 맛은 정말 맛있었는데, 대화에 딴짓하느라 정확한 메뉴의 맛은 기억에 잘 남지 않았네요;.; 그래도 맛없다고 포기하지 않고 모든 음식을 다 먹었으니까 만족스러운 식사였어요!",1
54,"★★★☆(3.5) 모둠초밥(12,000원)를 주문했더니 가격대비로는 꽤 맛있었어요! 한가지만 요청했는데도 참소라를 연어로 바꿔주셔서 정말 고맙습니다. 연어는 두꺼워서 맛도 좋았어요. 광어 초밥은 조금 아쉽게도 따뜻해서 제대로 즐기지 못했지만, 가게 내부는 조금 혼잡한 느낌이었습니다. 전반적으로는 괜찮았지만 특별한 장점은 느끼지 못했습니다.",1
55,치킨 반마리를 주문했는데 맛있었어요. 골뱅이소면도 함께 추천해줘서 좋았어요. 사이드메뉴와 함께 먹으니 치킨의 맛이 더욱 살아났어요. 치킨은 크기도 작고 살도 적어서 한 번에 먹기 딱 좋았어요. 추천합니다!,1
56,"그랜잔 꼬들살 냉동이 조금 아쉽긴 하지만 전반적으로 식재료와 소스들이 맛있게 어울러져 있습니다. 중간에 나오는 와사비 소스의 풍미가 정말 좋아요. 담백한 파저리와 신선한 날계란의 조합도 좋았어요. 많은 양의 채소가 제공되어서 도톰한 만족감을 주는데, 너무 맛있어서 남긴 양이 죄송스러웠습니다. 앞으로는 미리 요청할게요. 볶음밥은 담백하게 잘 조리되어 있어서 맛있었습니다. 주인과 직원들의 친절한 서비스도 더욱 좋았습니다. 맛이 최고냐고 하셨다면, 좋은 고깃집도 있겠지만 여기는 맛과 분위기, 정성이 어우러져 최고점수를 받을 만큼 좋은 곳입니다.",1
57,"도넛 사러 갔다가 정말 놀랐어요. 매장 문이 바깥으로 열리고 손님이 직접 도넛을 집을 수 있는 점이 인상적이었어요. 하지만, 매장 내에서 손님들이 마스크를 벗고 대화하고 있던 것은 불안했어요. 특히, 두 명의 아이들이 도넛을 만지려는 모습을 보았는데, 마스크는 어설프게 끼고 있었지만, 이들을 막으려는 사람은 없었어요. 평소에 자주 가던 곳이었지만, 이번 방문을 계기로 다시는 방문하지 않을 것을 결심하게 되었습니다. 그래도 도넛은 맛있었어요.",1
58,"돈까스에 대한 의견을 말씀드리면, 정말 깔끔하고 맛있어요. 두 조각이지만 양이 꽤 많아서 만족스러웠습니다. 고로케는 아이도 부드럽게 먹을 수 있을 것 같았고, 새우튀김과 타르타르 소스는 수제로 만들었다고 적혀있어서 궁금했는데 실제로 맛이 훌륭했습니다. 다음에는 생선까스도 시켜서 타르타르 소스를 즐겨먹을 생각입니다. 돈까스와 고로케를 다 먹을 생각에 기분이 좋아져서 매우 만족스러웠습니다. 맛있게 잘 먹었습니다!",1
59,"도넛 사러갔다가 경악하고 나옴. 1. 손님이 직접 집을 수 있도록 도넛장을 바깥쪽으로 열어둔 점에 경악했습니다. 유리장이 열려있는데 매장 안에 있는 손님들이 다 마스크를 벗고 대화를 나누고 있었습니다. 2. 제 앞에 애들 둘이 손으로 만지려고 하면서 도넛을 보면서 대화하는데, 마스크를 끼고 있어도 어설프게 끼고 있는데다 자꾸 만지려고 하더라고요. 하지만 와서 막는 사람이 한 명도 없었습니다. 이 번에 오랜만에 방문한 매장에서 이런 상황을 보고, 다시는 이곳에 가지 않기로 결심했습니다.",1
60,"직원들의 태도가 정말 별로였어요 ㅋㅋㅋㅋ 가볼만한 가게라는 소문을 듣고 인터넷으로 더 싼 가격을 알고 있었는데, 여러 가지 질문을 하려고 했는데도 돈을 벌어야하는 질문이 아니면 직원들은 관심을 가지지 않았어요. 직원이 걸어가면서 말하거나... (고객은 직원 뒤를 따라가며 듣음) 또는 전혀 알지 못하는척 일관했어요 (무성의한 어조로...) 그냥 인터넷에서 질문하고 인터넷으로 구매해야겠어요. 가지마세요. 감정적으로 피해를 입히고 시간을 낭비할 뿐입니다.",1
61,"[위생불량-이물질] 피자를 주문해서 먹다가 갑자기 이물질을 발견했어요. 처음에는 환불을 요청하니 점원이 두 조각만 환불해주겠다고 했어요. 그래서 가게 직원이 와서 확인을 했고, 본사에서도 내일 연락할 거라고 했어요. 하지만 제가 직접 확인한 결과, 이 이물질은 가게에서 사용하는 식재료가 아닌 것 같아서 회수와 환불 요청을 철회했어요. 씹다가 나온 것인데, 정말 식사를 즐기는데 방해됐던 경험이었어요. 가게에서 똑바로 식재료를 관리해줬으면 좋겠어요. 좀 더 신뢰할 수 있는 음식점으로 가야겠어요.",1
62,저기...여기 부점장 정말 불친절하네요. 말투부터 고객응대까지 전부 한심하고 그지 없어요. 이런 사람이 서비스업이나 고객응대를 하다니 가능한 게 맞을까요? 제가 손님으로서 옥수동에 20년을 살았는데 이 가게를 손절하게 되는 건 처음이에요. 만약 장사를 오래 하려면 부점장을 교체해주세요. 진심으로요...고객응대 전화를 받다가 끊고 그 자리에서 고객을 비아냥대는 게 어떻게 말이 되나요? 다른 손님들도 듣고 있을 텐데...그냥 한 마디 해주고 지나갈게요.,1
63,"도넛 사러 갔다가 정말 놀랐어요. 먼저, 매장 문이 밖으로 열려있어서 손님이 직접 도넛을 집을 수 있었어요. 하지만, 매장 안에서는 모두가 마스크를 벗고 대화하고 있는 상황이었어요. 더욱 놀랐던 것은 내 앞에 있는 두 명의 아이들이 도넛을 보며 손으로 만지려고 했는데, 마스크 착용은 어설프게 하고 있었지만 그들을 막으려는 사람은 없었어요. 이렇게 매장 관리 상태가 좋지 않던 곳이었기 때문에 오랜만에 방문한 후로는 더 이상 가고 싶지 않은 마음이 들었어요.",1
64,"1편만큼의 독특함은 없지만, 이 게임은 여전히 흥미로운 요소를 가지고 있습니다. 시스템의 큰 개선으로 게임 플레이가 더 편리해졌고, 특히 1편에서 보이지 않던 리틀 시스터의 매력적인 변화는 주목할 만합니다. 또한 설정의 확장으로 인해 즐길 거리도 많이 늘어났습니다. ",1
65,"★★★★☆(4.5)
모둠 초밥(12,000원)을 시켰는데 정말 가성비가 좋았어요! 처음에는 참소라를 못 먹을 거라고 생각했는데, 친절한 스태프분이 연어로 바꿔주셨어요. 연어는 두껍고 신선해서 정말 맛있었어요! 다만, 광어 초밥은 조금 따뜻해서 아쉬웠어요. 가게 안으로 들어가니 조금 어수선한 느낌을 받았지만, 전반적으로는 괜찮은 경험이었어요. 하지만 큰 매력을 느끼진 못했어요.  좀 더 발전된 서비스를 기대해봐야겠어요.",1
66,"이 집 가격이 상당한 편이지만, 생선은 비싼 종류를 사용하지는 않는 것 같아요. 그래도 이 집 아저씨가 손질을 정말 잘 해놓으셨더라구요. 그리고 이 집 옆집이라는 사실때문에 글을 쓰지 않을까 생각이 드네요. 동네 사람들한테 많이 알려져서 상황이 좋지 않을 것 같아요. 하지만 동네에 가까운 집들 중에 비슷한 리뷰들이 많을 것 같아요.",1
67,"고객님이 귀찮으셨던 주문 후기를 남겨주셨네요. 저희 매장의 서비스 마인드는 아쉽게도 다소 미흡한 면이 있었던 것 같아요. 햄버거와 감자튀김의 온도와 기름 냄새에 대해서도 불만이 계셨군요. 비슷한 가격대의 다른 매장들과 비교해봤을 때 맘스터치의 감자튀김이 가장 매력적이라고 생각하셨는데, 이번 경험이 다시 맘스터치를 방문하고 싶지 않게 만들었네요. ",1
68," 제품은 괜찮았으나 서비스가 아쉬웠어요. 직접 운영하는 게 아니라서 그런지 문자 안내를 받고 찾아갔는데 미리 안내를 받지 못한 직원이 있었어요. 또한 매장 내에서 담배 냄새가 신경 쓰였어요. 개선이 필요한 부분이 몇 가지 있는 것 같아요. 제품 품질은 좋으나 서비스면에서는 좀 더 노력이 필요할 것 같아요. 방문할 때는 서비스에 큰 기대를 가지지 않는 걸 추천해요.""",1
69,"이 가격대에서 이런 퀄리티의 맛집을 찾기 힘들 것 같아요. 피자 도우는 아주 탱탱하고 맛있어요. 고구마 토핑도 푸짐하게 올려주시고, 페퍼로니도 많이 올려주셔서 만족스러웠어요. 스파게티도 맛이 좋았다는 점을 언급하고 싶어요. 다만, 불고기와 쉬림프의 단맛은 조금 줄였으면 더 좋을 것 같네요.",1
70,"직원들 좀 싸가지 없네요 ㅋㅋ 인터넷에서 더 저렴하게 사는 방법도 알고 있는데, 여러 가지 물어보려고 해도 돈을 벌 수 있는 질문 아니면 걸어다니며 말하거나 모르는 척하기만 하더라고요. (고객은 뒷다리로 듣고 있음) 그냥 인터넷에 문의하고 사는 게 훨씬 편할 것 같아요. 이 가게 가지 마세요. 기분만 상하고 시간만 헛됐어요.",1
71,"이 작품은 정말로 환상적입니다! 최고의 작품들 중 하나라고 말씀드릴 수 있어요. 저도 전설이라는 말밖에는 다른 표현이 없네요. 오배넌의 섬세한 스토리텔링과 존-바뎀의 역동적인 연출은 정말로 눈에 박히는 멋을 자랑합니다. 두 배우의 대결은 매우 냉혹한데도 매력적인데, 정말로 극을 빠르게 전달하면서도 매끄럽게 진행되어서 좋았어요. 특히 주인공이 혼자서 전투기 편대를 잡고, 공중에서 덤블링하며 도심을 질주하며 테러를 해결하는 장면은 정말로 멋있었습니다. 이 작품은 단순히 슈퍼-헬리콥터의 장면만을 보여주는 것이 아니라, 천둥처럼 주인에 따라 천사나 괴물이 될 수 있다는 깊은 메시지를 전달하고 있어요. 또한, 이 작품은 21세기 공중전의 시작을 알리는 작품이라고 해도 과언이 아닙니다.",1
72,"오늘 치즈렐라버거에 15% 할인 받아서 올엑스트라와 치즈추가로 8000원을 냈는데... 정말 실망이었어요. 버거킹은 맛있게 먹을 수 있는 곳으로 유명한데 말이죠. 하지만 오늘은 다르게 아쉬운 경험을 했습니다. 처음 받은 버거는 치즈가 부족하고 야채 배치도 조금 엉망이었어요. 주문한 후에도 약 3분 넘게 기다려야 했는데, 기다린만큼 퀄리티가 더 좋아질 줄 알았는데 그렇지 않았습니다. 정말 아쉬웠어요. 앞으로는 주문하기 전에 꼼꼼히 확인해야겠다는 생각이 듭니다. 포장 상태도 꼭 확인해야겠어요. 전체적으로는 맛은 그럭저럭 괜찮았지만, 서비스 측면에서는 아쉬움이 컸어요. 사람들은 버거킹을 맛보고 싶어서 찾는데 이런 경험으로 인해서 실망할 수도 있을 것 같아요.  내가 경험한 이런 상황은 다른 사람들도 겪을 수 있으니까 말이죠. 버거킹 매장에서 주문할 때는 꼭 확인하시길 바랄게요. ",1
73,"직원들의 태도가 정말 별로였어요 ㅋㅋㅋㅋ 가볼만한 가게라는 소문을 듣고 인터넷으로 더 저렴한 가격을 알고 있었는데, 여러 가지 질문들을 하려고 했더니 직원들은 돈을 벌어야하는 질문이 아니면 별로 신경을 쓰지 않았어요. 직원이 걸어가면서 말하거나 전혀 모르는 척 일관했어요, 진짜 무성의한 어조로 말이죠. 그래서 결국 인터넷에서 질문을 하고 구매를 해야겠다고 생각했어요. 그 가게에 가기보다는 감정적인 피해를 입히고 시간을 낭비할 뿐이라고 할게요. ",1
74,"이 가격에 이런 품질? 제 동네에 이런 것이 있다니 정말 감사합니다! 도우는 탱글탱글하고, 감자와 소시지로 가득한 피자는 정말 맛있어요. 파스타도 정말로 추천하고 싶네요. 다만, 고기와 해산물의 단맛은 조금 줄였으면 좋겠네요.",1
75,"많이 쓰지 않는 편이지만... 아르바이트 직원들의 서비스 마인드가 조금 부족한 것 같아요. 햄버거와 감자튀김이 차갑고 기름에 잠긴 상태여서 느끼하고 눅눅했어요.... 솔직히 다른 지점들과 비교해보면 감자튀김은 맘스터치에서 정말 중요한 요소일텐데, 다시 방문하고 싶지 않을 정도입니다.",1
76,"이곳에 갈만한 점수는 없다. 하지만, 왜 좋은 평을 남기는 사람들이 돈을 받았을까? 나는 이해가 되지 않는다. 냉동 음식 조차 제공하지 않는데, 어떻게 이곳을 좋다고 할 수 있는지 이해할 수 없다. 심지어 요청한 김치조차 중국산이었고 가격은 비싸다. 이곳을 가지 않는 것이 최선이다. 이런 곳에서는 욕이 나올 것이다.",1
77,"와우, 정말 대단해요! 이 레스토랑은 정말 최고예요. 다른 음식점은 가보지 않았지만, 음식을 많이 먹는데 음식이 다양하게 제공되고, 밑에 있는 스윗앤커피와의 협력도 있어요. 맛도 깔끔하고 훌륭해요. 주말에는 북적북적할 것 같은데, 원래 사람들도 많이 찾아와서 붐비는 것 같아요. 서비스도 직원분들이 사장님이 아니시더라도 열심히 일하시고 엄청 친절하세요.",1
78,"베트남 음식을 일반적으로 알고 있는 것과는 조금 다른 맛을 느낄 수 있어요. 그러나 전체적으로 맛있는 편이었고, 특이한 매력을 가지고 있었어요. 특히 쌀국수는 제가 기존에 알고 있는 투명한 쌀국수면과는 다른 종류였어요. 익숙한 베트남 음식을 좋아하시는 분들께서는 함께 제공하는 향신료를 추가해서 드셔보세요. 또한, 베트남 커피도 직접 내릴 수 있다는 점에서 한 번쯤 경험해보기 좋아요. 처음 오시는 분들도 친절하게 먹는 방법 등을 안내해주셔서 좋은 경험이었습니다.",1
79,"이 가격에 이런 품질의 피자라니, 너무 기분이 좋아요! 도우는 아주 탱탱해서 맛있었고, 감자와 페퍼로니가 풍부하게 올려져서 좋았어요. 스파게티도 맛있고. 그런데, 불고기와 쉬림프는 좀 더 달콤한 맛이었으면 더 완벽했을 것 같아요. 정말 만족스러운 경험이었습니다.",1
80,"처음에는 친절했지만, 전화로 문의하면 엄청 귀찮아 하고 방문하라고 함. 여분 필름은 일주일도 안되서 재방문했더니 부착비를 무조건 내라고 함. 카메라 보호 필름을 3000원에 팔고 부착해주는 곳도 많은데 말만 존댓말이고 명령조에 질문을 차단하고 한숨부터.. 점점 이런식으로 변해가는 것이 안타까울 따름.",1
81,"배달에 초점을 너무 많이 두어서인지 서비스가 다소 부족한 것 같아요. 주문한 음료나 음식이 나오는 속도도 느리고 답답했어요. 고객의 불만을 제기하면 빠른 처리를 보여주는데까지 시간이 걸리더라구요. 자주 가는 이유가 가족들이 이곳을 좋아해서인데, 이렇지 않았다면 잘 안갔을 것 같아요.",1
82,"여기 가격 대비로는 상당한 편이네요. 비싼 생선은 아니라고 할 수 있지만, 같은 생선이라도 주인 아저씨가 손질을 정말 잘 해놓으셨어요. 우리 옆집인데 좋다는 글은 쓰지 말아야겠다는 손님이 많다고 해서 좋을 게 없을 것 같아요. 하지만 동네 사람들 많이 찾는 집과 비슷한 평가를 받을만한 가게라고 생각해요.",1
83,"와우, 정말 좋은 스터디 카페인 것 같아요. 다른 지점은 가본 적은 없지만, 노트북을 자주 사용하는 사람들한테는 최적의 공간일 것 같아요. 노트북 좌석이 따로 마련되어 있고, 밑에는 함께 제휴한 에그셀런트가 있어서 정말 편리했습니다. 시설도 청결하고 좋아요. 공사 때문에 소음이 있을 것 같았는데, 공사가 이미 끝났고 조용하게 공부할 수 있었어요. 직원분이나 사장님이신지 잘 모르겠지만, 진심으로 일하시고 정말 친절하셔서 좋았습니다. bb",1
84,"도넛 사러가는데 경악하고 나왔어요. 처음으로 이 매장에 가봤는데, 첫 번째로 손님들이 직접 집을 수 있게 도넛장을 바깥쪽으로 열어두었더라구요. 그런데 유리장이 열려있는데 매장 안에 계신 손님들은 다 마스크를 벗고 대화를 하고 있었어요. 너무 놀랐어요. 두 번째로는 내가 앞에 있는데 두 명의 애들이 손으로 도넛을 만지려고 하는데, 마스크를 착용하고 있었지만 어설프게 착용하고 있고, 계속 만지려고 했어요. 그런데 누군가 막아주려고 하거나 지시를 하거나 하는 사람은 없었어요. 한 번 가본 매장이었는데, 오랜만에 다시 가서 매장 관리를 보고는 안갈 것을 결심했어요.",1
85,라운즈 앱에서 안경을 구매하고 도수렌즈를 선택했어요. 제 눈 상태가 조금 까다롭긴 했지만 직원들이 너무 친절하게 도와주셨고 시력검사도 정말 철저하게 진행해주셨어요. 내 질문에도 잘 대답해주셨고 안경 착용 시 피팅도 완벽하게 해주셨어요. 착용감도 편안하고 너무 만족스러웠어요.,1
86,"모두 실망스러웠다. 레벨링, 재미, 편의성, 그래픽 어느 하나도 만족스럽지 못했다. 기다린만큼 보람도 없었고, 게임에서 얻을 수 있는 만족감이 전혀 없었다. 내게선 이 게임은 정말 싫어하는 사람에게 추천할 만한 가치가 없다.",1
87,내가 보고 싶었던 영화인데 TV에서 못 봤어. 한편의 어른 동화 같은 느낌이더라. 순수함에 힐링되는 느낌이었어. CG가 약간 아쉬웠지만 나라씨가 울 때 나도 같이 울었어ㅠ 나라씨는 항상 다른 사람들도 같이 울게 만드는 재주가 있는 것 같아ㅎㅎ 연기는 정말 굿이었어! 영화를 정말 잘 봤어^^,1
88,"가족들과 함께 주말 점심을 즐기러 갔는데, 미리 예약을 해두었더니 좋은 자리를 얻을 수 있었습니다. 모두가 매우 만족해하며, 다음에 또 오자고 했습니다. 또한, 성별에 대한 차별이 없는 곳이라 좋았습니다. 밥을 적게 선택한 사람들에게는 추가로 밥을 주시는 세심한 배려도 있었어요. 저는 여성이지만 크고 두껍다고 생각된 게 아니었는데 맛있는 음식들을 한 입에 다먹을 수 있었습니다. 정말 편식이 심한데도 맛있게 먹을 수 있었어요. 정말 꼼꼼하게 운영되는 곳인 것 같습니다.",1
89,"[위생불량-이물질] 음식에서 이물질을 발견하여 환불을 요청했었는데, 회수하러 온 직원은 본사에서 확인 후 내일 연락한다고만 말하셨어요. 직접 보고했음에도 불구하고 계속해서 회수를 거부하고 환불 요청을 철회하게 되었습니다. [피자 토핑 위에서 발견된 것이 아니라 씹다가 나왔던 것이었어요.]",1
90,"★★☆☆☆ (2.5)  모둠초밥(12,000원) 가성비 그럭저럭! 참소라 대신 연어로 바꿔달라고 요청했는데 바꿔주셔서 고마웠어요ㅎㅡㅎ 연어는 맛있었지만, 광어 초밥은 약간 따뜻해서 아쉬웠어요. 가게 내부는 조금 어수선한 느낌이었고, 전반적으로 괜찮았지만 큰 매력을 느끼진 못했습니다. 가성비는 그럭저럭하네요.",1
91,"[위생불량-이물질] 주문한 음식에서 이물질이 발견되어 회수 및 환불을 요청했는데, 가게에서는 남은 두 조각에 대해 50% 환불을 제안했습니다. 그런데 가게에서 식재료 이물질이 아닌 것으로 확인되어 본사에서도 확인 후 내일 연락해줄 것이라고 약속하셨습니다. 제가 직접 확인해봐도 계속해서 회수를 거부하고 환불 요청을 철회했습니다. (위에서 발견된 것이 아니라 씹다가 나온 것이었습니다)",1
92,"★★★☆(3.5) 오뎅탕(9,000원)를 시켰는데 가격 대비 맛있어요! 양파 대신 새송이버섯으로 바꿔달라고 요청했는데 새송이버섯으로 바꿔주셔서 감사했어요ㅎㅡㅎ 새송이버섯은 싱싱하고 맛이 좋았어요! 제일 처음 먹은 게살 탕이 조금 짜서 아쉬웠지만, 가게 내부에 들어가니 조금 혼잡한 느낌이었습니다. 전반적으로는 괜찮았지만 큰 장점을 느끼진 못했습니다!",1
93,"1편이 워낙 참신했던 탓에 좀 묻힌 감이 있긴 하지만 재미는 여전합니다. 시스템도 훨씬 발전해서 게임 하기도 편리해졌고요. 1편의 두꺼비같은 리틀시스터가 2편와서 이뻐진건 좀 보기 좋네요. 1편에서 설정이 더 늘어나서 관광하는 재미도 꽤 좋습니다. 
리뷰: 1편이 워낙 참신했던 탓에 좀 묻힌 감이 있긴 하지만 재미는 여전합니다. 시스템도 훨씬 발전해서 게임 하기도 편리해졌고요. 1편의 두꺼비같은 리틀시스터가 2편와서 이뻐진건 좀 보기 좋네요. 1편에서 설정이 더 늘어나서 관광하는 재미도 꽤 좋습니다. 리뷰:인터페이스 개선으로 게임 플레이가 훨씬 편해져서 좋았고, 1편에서의 감동은 잊을 수 없습니다. 게임 세계관이 더욱 넓어져서 탐험하는 재미도 더욱 상승했습니다.",1
94,"지금까지 떡볶이를 여러 번 시켜 먹어보았지만, 가격 대비 양이 조금 부족한 느낌이 들었습니다. 맛은 만족스러웠지만, 비싼 가격에 늘 양이 부족하다는 생각이 들어서 재방문을 고민하게 되었습니다. 첫 방문 때, 보너스로 주는 치본스테이크도 양이 많지 않아서 가격의 합리성에 대해 의문이 들었습니다. 2월에 준비한다는 것을 보고 매우 기대했지만, 결과적으로 실망스러웠습니다. ",1
95,"요즘은 맛이 좋지 않아서 자주 가지 않게 되었어요. 치즈스커트가 너무 짜고, 램버거의 특유한 향신료 향도 더 약해졌어요. 전에는 마요네즈 소스에 쿠민을 많이 넣어주셨는데, 이제는 안들어갔는지도 모르겠어요. 맛이 변한 후로는 정말로 아쉬워서 잘 가지 않게 되었어요. 이전에는 정말로 좋아했는데 너무 슬프네요.",1
96,겉만 번지르르한데 치킨메뉴가 많네요. 주인부부의 인상이 보이자 바로 자리를 박차고 나왔어야 했어요. 가격은 저렴한 편이지만 양이 적어서 조금 아쉬웠어요ㅋㅋㅋ 맛은 그럭저럭했어요. 하지만 직원들이 너무 불친절해서 기분이 좋지 않았어요. 갑인 손님한테도 이정도의 태도라면 다른 손님들에게는 더 어떨지 상상이 되네요. 인상은 정말 실망스러웠어요. 게다가 흡연실에서는 담배냄새가 나서 좀 불편했어요ㅠ 치킨을 먹으러 온건데 갑질당한 기분이 들었어요.,1
97,"가시고자 하시는 분들은 앞서 쓴 후기를 잘 읽어보고 가세요. 저도 급해서 여기서 상견례했는 데 음식이 짜고 맛없어요. 어딜 가서도 4만원을 주고 이런 거 먹기는 처음이에요. 간을 보고 만드는 건 맞으세요? 어떻게 이 돈을 받고 이런 음식을 내놓으시는 건지 몰라요. 자리때문에 한 마디도 못 하고 나와서 더 분하고 어이가 없네요. 그리고 서빙하시는 분의 덩치가 커서 의자와 벽 사이로 다니지도 못 하시고, 서빙도 굼떠요. 아 진짜. 음식은 쓰레기 같고 돈을 주고 사먹었기 때문에 너무 화가 나요.",1
98,"겉으로는 분위기가 번지르르했습니다. 다양한 스테이크 메뉴가 많고, 주인 부부의 인상도 괜찮아 보여서 자리를 잡았어야 했는데요. 가격은 저렴하지만 양이 조금 부족한 편이었습니다. 맛은 그럭저럭 괜찮았습니다. 다만, 서비스가 조금 불친절했던 것 같아서 놀랐습니다. 갑인 손님에게도 이 정도면 다른 사람들에게는 어떨지 더 잘 보일 것 같네요. 주변에 담배 냄새가 나는 흡연실이 있어서 조금 아쉬웠습니다. 스테이크를 먹으러 갔는데 갑질을 당한 기분이었습니다.",1
99,"이 가격에 이런 품질의 피자라니, 정말 기분이 좋아요! 도우는 아주 쫄깃하고 사과와 페퍼로니는 아주 다양한 양으로 올려주셨어요. 스파게티도 정말 맛있다는 것을 꼭 언급해야겠어요. 하지만, 소스에 불고기와 쉬림프의 단맛이 약간 부족한 것만 아쉬웠어요. 그렇지 않았다면 완벽했을텐데요.",1
