text,label
아 더빙.. 진짜 짜증나네요. 목소리가 너무 과하지 않아서 괜찮았어요. ,1
흠...포스터보고 초딩영화줄....오버연기조차 가볍지 않구나. 이 영화는 초등학교생들이 좋아할만한 내용을 담은 것 같습니다. 감독과 배우들은 오버연기를 너무 잘 해서 입체적인 캐릭터들을 만들어냈습니다. 초딩 시절을 그리워하는 사람들이나 가벼운 분위기를 원하는 시청자들에게 추천합니다.,1
엄청 재밌었다 그래서 보는 것을 추천한다.,1
교도소 이야기구먼..솔직히 재미는 없다..평점 조정과 비슷한 리뷰를 하나만 작성해보자. 이 영화는 매력이 없고 흥미를 끌지 못한다. 평점을 낮춰야 할 것 같다.,1
사이몬페그의 상큼한 연기가 돋보였던 영화!스파이더맨에서 어렸어 하지만 매우 매력적으로 보였던 커스틴 던스트가 너무나도 아름답게 보였다.,1
"3세부터 1학년생인 8살용 영화였지만 막 걸음마를 뗀 아이들에게는 적합했던 작품입니다.ㅋㅋㅋ...포인트 정도는 주고 싶지만, 아쉽게도 별반개는 아까웠습니다.",1
긴장감을 충분히 전달하지 못한 것 같다.,1
"연기에 대한 비판적인 감정이 강하게 나타난다. 이응경과 길용우의 연기력과 연기 경력에 대한 의문이 제기되며, 납치와 감금 등의 장면이 지루하게 반복된다고 느껴진다. 가족의 존재감이 없는 이 드라마는 연기력이 부족한 사람들만 모인 것 같다.",1
감동도 없는데도 흥미로운 몇 안 되는 책,1
"왜평이 낮은지 모르겠다. 오히려 이 영화는 굉장히 볼만하다고 생각하는데, 사람들은 아마도 헐리우드식의 화려함에 너무 많이 치우쳐져 있다는 게 아닐까?",1
"걍 인피니트가 짱이다! 진짜 짱이다♥ 저도 완전히 동감합니다. 인피니트는 정말 대단한 그룹이죠. 매번 그들의 음악과 무대에 매료되고, 무한 매력에 빠지게 됩니다. 인피니트 사랑해요!",1
"바라볼 때마다 향수의 냄새와 함께 눈물이 완전히 나 혼자 사라지는 순간, 90년대의 향수가 잠시 돌아온 것 같은 기분이어서 죽겠다! 허진호 감독의 감성절제멜로에 정말 깊게 몰입할 수 있었다. 그의 감정 표현은 정말 일품이라고 할 수 있다.",1
"이범수의 연기는 현실감을 전달하지 못했으며, 특히 울면서 손들고 횡단보도 건널때 뛰쳐나올뻔 하는 장면에서의 표현력은 부족했다. 다른 작품과 비교해보면 이번 작품에서 그의 연기는 드럽게 아쉬웠다.",1
담백하고 청결한 느낌이 좋아요. 신문기사만 읽다보면 가끔 그들도 사람이란 것을 잊게 됩니다.,1
취향은 존중하지만 정말 내 생에 극장에서 본 영화 중 가장 노잼 노감동인 것 같아요. 스토리도 어거지고 감동도 어거지해서 좀 실망스러웠어요.,1
항상 긴장되고 흥미로운 기분이 들어 매번 즐거움을 느껴요ㅠㅠ,1
"이 영상을 보면서 웃을 수밖에 없었습니다. 바스코가 이길 때는 바로 ""락스코라고!""라고 외치고 싶었고, 바비가 이길 때는 ""아이돌이야!""라고 소리쳤습니다. 웃으면서도 까고싶은 마음이 들어 안달난 것처럼 보인 거 같아요. 그런데 이런 재미있는 리뷰를 작성하면서 나도 웃을 수 있었어요. 추천합니다!",1
"굿바이 레닌 표절이라는 점은 이해했지만, 왜 뒤로 갈수록 재미가 없어지는지는 잘 모르겠어요. 조금 아쉬웠던 점은 어떤 부분에서인지 좀 더 구체적으로 언급해줬으면 좋았을 것 같아요. 그럼에도 불구하고 전반적으로는 흥미로운 영화였던 것 같아요.",1
"이건 정말 깨알 캐스팅과 신선한 내용 구성이 돋보이는 깨알인데, 너무 재밌어요!♥",1
"약탈자의 변명이라는 영화에 대해 말하자면, 저 놈들은 분명히 착한놈들이 아니란 것을 알 수 있어요.",1
이 영화는 정말로 깊은 의미가 담겨있어서 멋지다. 학생과 선생님 사이에 얽힌 관계를 다룬 이야기는 절대로 평범한 것이 아니다.,1
이 책을 보면서 웃지 않는 건 불가능하다!,1
"이 영화는 너무 재미없고 지루해요. 바베트의 만찬과는 전혀 다른데, 그 영화는 이야기도 흥미로우며 음식을 보는 재미도 있어요. 그러나 이 영화는 볼 게 없고 음식도 별로 나오지 않아서 실망스러웠어요. 핀란드 풍경을 구경하기 위해 기대했지만 그것도 별로 나오지 않아서 좋은 경험이 아니었습니다. ㅡㅡ",1
반드시 흔치 않은 작품이라고 말씀드리고 싶습니다.,1
"이 책의 주제는 흥미로운데, 중반부터 내용이 조금 지루해지는 것 같아요.",1
완전 짜르고 구성을 이상하게 해놨더니 이해하기 어려웠어요.정말 그랬던 것 같은데요.,1
"kl2g 고추를 털어버려야하는데, 정말로 맛있어서 어떻게 털어버리라고 할 수 있을까요? 솔직히 말해서 이렇게 맛있는 고추는 찾기 힘들 것 같아요.",1
"카밀라벨의 발연기는 정말 멋있었습니다. 영화 속 그녀의 연기는 너무 자연스럽고 매력적이었어요. 특히 그녀의 감정 표현이 너무 다채롭고 뛰어나서 이야기에 몰입도 깊게 할 수 있었습니다. 또한 카밀라벨의 아름다운 외모와 섬세한 연기가 영화에 특별한 매력을 더했습니다. 발연기를 보면서 그녀의 다양한 매력을 발견할 수 있었고, 더욱 카밀라벨의 팬이 되고 싶어졌습니다. 너무 멋진 영화였고, 카밀라벨의 발연기를 통해 저는 영화 속 세계에 빠져들었습니다.",1
재밌는뎅! 너무 재미있어서 순식간에 시간이 지나갔어요. 읽을 때마다 새로운 감동을 느낄 수 있어서 너무 좋았습니다. 추천합니다!,1
"예전 향기로운 90년대의 분위기와 함께, 센스있는 연출과 탁월한 캐스팅으로 이끌어낸 작품이다. 내게 그리운 90년대의 향수가 다시금 살아나는 기분이었다. 그래서 9점을 주고 싶다.",1
엄포스의 위력을 다시 한번 깨닫게 해준 적.여주인공 연기 정말 좋았어요! 완전 명품드라마!,1
이 책은 정말 졸쓰레기예요. 진부하고 말도 안 되는 내용들이 적혀 있어서 우습게만 느껴졌어요. 아무리 시간이 있어도 이 책을 보는 건 참으로 시간 낭비였어요.,1
완전 재미있는데 왜 별점이 이렇게 낮은 건지 이해가 안 가네요.,1
"내 기대와는 달리, 이 작품은 1%도 만족시키지 못했습니다. 내가 죄인인지 모르겠네요...",1
이 드라마는 여전히 내인생의 최고!,1
"패션에 대한 열정으로 가득한 안나 윈투어는 너무 멋진 경험이었어요! 패션쇼와 디자이너들의 작품을 보며 영감을 얻을 수 있었고, 다양한 스타일을 배울 수 있어서 좋았어요. 앞으로도 패션에 대한 열정을 계속 이어가고 싶어요. 추천합니다!",1
"키이라 나이틀리가 연기한 ""정신장애일까 틱장애일까""의 정체성을 알아보는 과정은 정말로 흥미로웠다. 나이틀리의 연기력은 이야기 속 등장인물들의 복잡한 감정을 완벽하게 표현해내었고, 특히 정신적인 변화와 틱장애의 증상을 믿을 수 없을 정도로 자연스럽게 연기해내었다. 강렬한 표정 변화와 신체적인 움직임을 통해 이야기의 긴장감을 높였고, 관객들에게 정말로 그 캐릭터에게 공감하기 쉽게 만들었다. 키이라 나이틀리의 연기력은 정말 놀랍고 감명깊었으며, 이 익사이팅한 영화는 관객에게 여러 가지 생각을 불러일으키게 했다.  overall, ""정신장애일까 틱장애일까""는 연기력과 스토리 라인을 통해 매우 흥미로운 영화였다.",1
허허...원작가 정신나간 유령이라... 재미있겠네요! 엄청난 유령한테 스릴을 선사받는 느낌이 드는 작품입니다. 예상치 못한 전개와 복잡한 사건들이 펼쳐지면서 긴장감이 높아지는데요. 원작가의 상상력이 너무나도 풍부해서 끊임없이 놀라움과 재미를 주는 것 같습니다. 꼭 추천드립니다!,1
"포스터로 보면 대단한 인기가 있을 것 같지만, 실제 관객은 114명으로는 그리 많은 관심을 받지 못했던 것 같다.",1
왜 이 영화가 이렇게 고평가 받는지 이해할 수 없다.,1
단순하지만 그 안에는 은은한 매력이 숨어있는 영화입니다.,1
'다 이해자인가 내용도 없고 무서운거도 없고 웃긴거도 하나도 없음 완전 별싱거운 드라마.ㅇ.ㅇ내ㅇ시간 넘 아까움 .. . 완전 낚임',1
"오게두어라! 서리한이 굶주렸다!는 정말로 몰입력 있는 이야기였습니다. 작가의 서술은 상상력을 자극하며, 캐릭터들의 감정과 역경을 잘 그려냈습니다. 특히, 서리한의 굶주림과 그에 따른 고통과 어려움을 통해 인간의 본성과 용기에 대해 생각해볼 수 있었습니다. 이런 유혹과 도전으로 가득한 이야기를 통해 독자에게 강렬한 메시지를 전달하는데 성공한 작품이라고 생각합니다. 추천합니다!",1
진짜 좋아요. 그래서 또 보고싶은데 또 보는 방법이 없어요. >.. ㅜㅡ,1
윤제문이라는 멋진 배우를 발견하게 되었어요. 일탈적인 매력이 미소로 묻혀있어서 멋졌어요. 음악이 조금 아쉬웠지만 평점을 올리고 싶어서 10점을 주고 싶어요! ^^,1
시간과 돈이 낭비되는 평점에 속지마세요.,1
리얼리티는 좋은데 이민기 캐릭터의 분노조절장애 초기 증상은 조금 오바됐다고 느껴져 공감하기 어려웠어요. 초반에는 흥미로웠지만 점점 이민기의 정신상태와의 공감이 어려워지는 것 같았어요. 좀 더 균형잡힌 캐릭터 표현이 있으면 더 좋았을 것 같아요.,1
마이너스는 왜없냐 ㅋ 뮤비 보고 영화수준 딱 알만하더군 ㅉㅉ 북한에서 이런거 만들라고 돈 대주던? ㅋㅋ 자극적이고 독특한 컨셉을 가지고 있는 마이너스는 정말 멋진 작품이네요. 영상미도 훌륭하고 연출도 매우 깔끔하게 이뤄져 있어서 영화처럼 즐길 수 있었습니다. 북한에서 돈을 대주는 만큼 화려한 결과물이 나와서 놀랐습니다. ㅋㅋ 5점 만점에 5점을 주고 싶을 정도로 마음에 들었어요!,1
우리영화를 너무 사랑했습니다!!^^;,1
"데너리스 타르 가르엔...나도 용의주인이 되고 싶다...누이랑,근친상간이나 하고 다닐지라도,소설 속에선 제일 멋진 놈이 자이메 라니스터였는데,드라마속에선,드래곤(용)이 제일 멋지네(웃음)감독님 토르-2 다크 월드는 말아 잡수셨을지라도,기본 선방은 했음.",1
이 영화는 사람의 영혼을 부드럽게 만져주었어요. 긴장되는 현실 세계를 잠시 잊고 동화같은 영화 속에서 행복을 느낄 수 있었어요.,1
세르게이! 작은고추의 매운맛에 정말 감탄했어! 포퐁저그 콩진호의 맛은 정말로 인상적이었어. 온몸으로 매운맛을 느껴서 자꾸만 더 먹고 싶었어. 멋진 경험을 선사해줘서 고마워! 다음에 또 찾아올게.,1
이렇게 가슴 뛰게 만드는 드라마가 다시 있을까? 진정한 감동의 선물!,1
"난또 저 꼬마애가 무슨 원한이 깊길래.,. 했더니 리뷰: 그냥 혼자 나대다 리뷰: OO걸 어쩌라고.",1
정말로 재미있는 영화입니다. 완전 추천해요!,1
전 정말 좋아요. 좋은 제품이에요. 강추!,1
최고! 완벽한 서비스와 훌륭한 품질로 만족스러웠어요. 강력 추천합니다!,1
너무나도 경이로웠다. 기분을 완전히 가라앉게 하는 느낌... 활력이 존재하지 않는 모습에 더욱 무겁고 침울한... 지독하고 차가운 그들의 상상력은 매우 인상 깊었다.,1
지루한 영화.,1
백봉기는 매주 금요일에 나온다고 알고 있어요. 그런데 가끔 예고 없이 휴방할 때도 있어서 미리 확인하는 것이 좋을 것 같아요.,1
보는내내 그대로 들어맞는 예측 카리스마 없는 악역으로 도저히 이야기에 몰입할 수 없었습니다.,1
뭔가 중요한 일이 갑자기 끝나버려서 당황스럽다...아무튼 영화가 중간에 끝나는 느낌이 든다.,1
"이 작품은 평범함에 섞인 평범한 일상을 그린 것 같아요. 조금은 밋밋한 느낌도 있었지만, 그럭저럭 괜찮은 작품입니다.",1
이걸 보던거라 계속 보고 있는데 전개도 너무 느리고 주인공인 은희는 한두 컷 나오면서 소극적인 모습에 짜증이 ㅜㅜ 맨날 언제 끝나나 기대만 하고 있어요. 전개 좀 빨리빨리 ㅜㅜ,1
가슴을 놓칠 수 없게 하는 어마무시한 감정을 자극하는 영화. 몹시 감동적이었다.,1
"이 다큐를 보고 우리나라 슬픈 현대사의 한 단면에 대해 진지하게 고민하고 사죄하고 정착하기 위해 노력해야 한다는 생각이 들었습니다. 보도연맹에서 보도된 민간인 학살의 규모가 이렇게 크다니 충격이었습니다. 이는 분명한 살인행위이며, 살인자들은 어디에 숨어있는 건지 의문이 듭니다.",1
예전 작품 캐릭터를 다시 만나니 정말로 삼탕 사골우려먹듯 기분이 좋았습니다. 하지만 내용은 산으로 가고 시청률은 아예 안나오는 것 같아 아쉬웠어요. 70회중반인데 120부작이라니 너무 기대했던 만큼 조금은 아쉬웠던 것 같아요.,1
김남길의 백점짜리 연기력과 초반 몰입도에도 불구하고 지루하지만 손예진 ㅈㅈ도 마찬가지네요.,1
이 영화는 재미있어요! 비슷한 영화를 안보신 분들한테는 꼭 추천드립니다.,1
박시환이 mama에 출연한다면 정말 망신이다. 그렇게 노래실력 기반으로 뽑는 것이 맞을까?,1
아 일본영화다이런건가?? 너무 유치하다.,1
"이틀만에 다 봤어요 재밌어요 근데 차 안에 물건 넣어 조작하려고 하면 차 안이 열려있다던지 집 안이 활짝 열려서 아무나 들어간다던가 문자를 조작하려고하면 비번이 안 걸려있고 ㅋㅋㅋ 그런 건 억지스러웠는데 그래도 내용 자체는 좋았어요. 하지만, 이 부분에서는 좀 더 현실적인 설정이었으면 좋았을 것 같아요.",1
"이 졸작은 정말로 실망스러웠다. 이 작품은 전혀 지루하고 흥미롭지 않았으며, 주제와 내용이 일치하지 않았다. 또한 문법적인 오류와 불필요한 반복이 많아서 읽는 동안 집중하기 힘들었다. 이 작품을 읽고 시간을 낭비한 느낌이 들었고, 다른 사람들에게는 추천하지 않을 것이다.",1
너무 신나요 달팽이가 빨라서 더 너무 신나요!,1
어린이 극장에 어울리는 신나는 전개와 예측 불가능한 깜짝 결말,1
부패한 로마노프 왕조를 선호하는 뭣같은 영화... 러시아 민중들이 그저 폭도냐 같은 생각을 했다.,1
내용전개가 어느정도 예상한 대로 진행되어서 잘 보았습니다 ^^,1
크게 실망했어.....,1
한국영화 흥행코드: 사랑-사랑-사랑~에속 사랑-이별-감동- 평점 10점 남발- 흥행 뻔하지 뭐...,1
아햏햏 아햏햏 아햏햏. 이 가게는 분위기가 활기차고 음식도 맛있어요.,1
"리플릿을 시작하고 3분만에 나와서 불안한 마음을 가지고 있었는데, 사진을 보니까 불안한 기분이 좀 더 커지는 것 같아요.",1
이 영화는 정말 단연 최고라고 할 수 있어!,1
"감독이 마시고 있는 것은 분명히 럼이지만, 영화는 엉망진창이 아니라 엉망진창이다. 관객을 어이없게 만드는 메시지 전달과 개진창 같은 구성이다.",1
이건 뭐냐? 우뢰매냐? ;;; 어떻게 말해도 너무나 독창적인 영화다. 그래서 또 눈에 띄어서 놀랍다. ,1
정말쓰레기영화네요. 완전히 돈과 시간이 낭비된 느낌이 들어요.,1
정말 멋진 영화 최고임,1
이 영화는 별로 였다.,1
"내일이 기대되는 영화! 스토리가 흥미로워서 끝까지 흥미진진하게 보게 됐어요. 연기도 좋고, 영상미도 예뻐서 시간 가는 줄 몰랐어요. 추천합니다!",1
근데 조미가 막문위에 대해 좋아한 것 같았어요.,1
웃음 폭탄.. 정말 기절할 뻔했어..ㅋㅋ+,1
성룡 영화 중 최고인듯ㅋㅋ,1
골때리네ㅋㅋㅋㅋ 걸스데이 이혜리 최고야!,1
서기는 정말 이뻐서 영화를 더욱 즐겁게 시청할 수 있었습니다.,1
정말 재미있어요ㅋㅋㅋㅋㅋ백인공주귀여움ㅋㅋㅋㅋㅋㅋ 정말 추천합니다!,1
이 영화는 정말로 인상적이었습니다.,1
"어내스트와 셀레스틴은 정말로 강력하게 추천합니다~ 제 입장에서 정말로 재미있었고, 즐겁게 시간을 보냈습니다^^",1
이 영화는 정말 재미있었어요!,1
"클라라를 본 것은 아니지만, 비슷한 공간을 경험한 적이 있습니다.",1
정말 감동적으로 보면서 너무 슬펐던 영화였다.,1
"설정은 흥미로우며, 에피소드를 진행하면서 메인 스토리도 점차 드러나는 것이 재미있습니다.",1
"신카이 마코토의 작화와,미유와 하나카나가 연기를 능숙하게 잘해줘서 정말 대단했다.",1
재미없음 진심 1이 훨씬 나는 듯이 캐스팅도 못한 것 같다.,1
더퀴브의 퍼즐 속에 신비로움과 잔잔한 감동이 숨어있는 영화인거 같습니다 ㅋ,1
감독님 대신에 고은님을 쓰면 영화를 보기 싫어요.,1
무섭지도 않았고 스토리도 ..ㅡㅡ 와닿지 않았다.,1
영화속 국수 장면에서 은은하게 술광고를 배치한 장면은 재치 있는 선택이었습니다. 이렇게 술광고를 센스있게 표현하면서도 영화의 흐름을 방해하지 않은 점이 인상적이었습니다. 억지스럽고 노골적인 방식보다 어떤 술을 마셨는지는 알려줌으로써 관객들에게 술의 맛과 풍미에 대한 호기심을 유발시키는 효과도 있었습니다. 이러한 섬세한 센스가 영화에 깊이를 더해준 것 같습니다.,1
시간을 죽이기 위한 완벽한 영화.,1
크리스마스하면 떠오르는 영화는 마법을 꺼내 연결된 가족들을 다시 모이게 하는 따뜻한 이야기입니다. 영화 속 눈이 내리고 선물과 크리스마스트리가 채벌되는 장면들은 크리스마스 분위기를 완벽하게 전달해줍니다. 웃을 수 있고 감동적인 이야기의 흐름 덕에 크리스마스의 특별한 날을 더욱 특별하게 만들어줄 영화입니다.,1
"너무 재미있게 봤습니다. 매력적인 행복이네요, '-' ㅎㅎㅎ.",1
"음악에 완전히 빠져서 볼 수 있었던 영화! 다만, 조금 산만한 면이 있었지만;;",1
"태어나서 처음으로 영화보다 중간에 나왔습니다,,,,불륜이 로맨스냐,, 다른 영화와는 비슷한 점이 있었지만, 그럼에도 불구하고 흥미진진한 이야기가 펼쳐져서 좋았습니다.",1
왕짜증.....아주 전개를 짬뽕으로 믹스했구나...음향만 무섭게하네..하아. 최악의 영화 중 하나입니다.,1
솔직히 난 별루더라 시간낭비느낌이 드네요.,1
너무 대박이다!,1
시청률 기준이 되는 패널가구들 어떻게 선정되는지 정말 의문입니다. 명작드라마들이 높은 시청률을 보이지 않아 매우 안타깝습니다. 본인도 서운하네요... ㅡㅡ,1
"내용이 이상해; 하는 영화였어. 이 영화는 마치 존재하지도 않는 세계에서 나온 듯한 이상한 이야기를 담고 있었어. 캐릭터들의 행동과 대사가 일관성 없고 어색했고, 전체적으로 이야기의 흐름이 약해서 재미를 느끼기 어려웠어. 특히나 결말이 너무 어리숙하게 끝났는데, 납득할만한 이유도 제공되지 않아서 실망스러웠어. 전체적으로 산만하고 이해하기 어려운 영화였는데, 이런 스타일의 영화가 좋아하는 사람들에게는 어울릴 수도 있지만, 개인적으로는 추천하지 않아요.",1
몬스터 주식회사 3D 너무 재밌게 봤다!,1
내용전개가 지루해서 재미가 없다........,1
"2년의 삶속에 주인공의 생애가 전부 드러난 듯 하다. 이 작품은 마치 한 사람의 삶을 여러 장면들로 펼쳐놓은 것 같아서 매우 감명깊었다. 주인공의 경험과 성장을 느낄 수 있어서 독자로서의 공감과 우리 자신의 삶에도 영감을 받을 수 있었다. 특히 작가의 뛰어난 문장력과 상세한 묘사들이 작품을 더욱 생생하게 만들어주었는데, 이러한 면에서도 굉장히 훌륭했다. 전체적으로 흥미진진하고 감동적인 이 작품은 읽는 동안 절로 주인공과 공감하며 함께 성장하는 느낌이 들어 마음에 깊게 남았다. 추천할 만한 작품이다.",1
강추합니다! 별점 10점 가즈아~!,1
별로야.,1
본지 꽤 오래 지난 후에 남기지만...매우 흥미로웠음.,1
이게 왜 9점대일까...;;; 동감합니다.,1
"10년이 지나 다시 보게된 영화 .. 다시봐도 그 순수한 사랑에 감동 ㅠㅠ 숀펜의 연기또한 甲과 비슷하다. 영화를 보면서 숀펜의 연기에 환호성을 질렀다. 그의 표정과 몸짓 하나하나가 정말로 사랑에 빠진 청춘을 잘 표현해준다. 이 영화는 청춘들의 마음을 담아낸 작품으로, 순수한 사랑에 대한 희망과 감동을 전하며 시청자의 마음을 사로잡는다. 감독의 섬세한 연출과 아름다운 촬영으로 영화 전체적인 분위기를 더욱 돋보이게 만들었다. 새로운 내용은 아니지만 그만큼 흡입력 있고, 마음을 움직이는 이야기로써, 한 번 더 보고 싶은 영화가 되었다.",1
올레에 무료로 있어서 봤어요 ㅋㅋ 헐... 스토리는 괜찮았는데 연기자들이 배역과 어울리지 않아서 아쉬웠어요. 상대배우들과 따로 놀고 있는 것 같더라구요~~ 연기자들도 문제가 있는 것 같아요. 보아는 진심으로 별로였는데 라미란과 아들이 제일 볼만했어요. ,1
"볼만한 영화였지만, 너무 욕심이 많아서 어느 한 쪽만 제대로 보여줄 수는 없었다.",1
"아~ 빵점~! 너무 맛있는 빵들로 가득한 곳이었어요. 직원들도 친절하고 분위기도 좋아서 더욱 매력적이었어요. 다양한 종류의 빵을 맛볼 수 있어서 선택에 고민이 많았는데, 모든 빵이 다 맛있어서 어느 것을 선택해도 후회하지 않을 것 같아요. 특히 예쁜 디자인과 맛까지 완벽한 크림빵은 확실히 추천할 만해요. 빵을 사서 들어간 커피도 맛있고, 빵 한 조각 먹으면서 차를 한 잔 할 수 있는 공간도 좋아서 자주 가고 싶은 곳이었어요. 다음에도 꼭 다른 맛있는 빵들을 먹으러 방문할 거에요!",1
베댓이 말을 아주 훌륭하게 표현했네.,1
전체적으로 모자라지 않은 퀄리티를 가진 작품이다.,1
"영화 도둑들이나 뫼비우스 하고 같은 나라에서 만들어졌다는게 진짜 믿기지가 않아..연출이나 스토리텔링, 배우들의 연기까지 모두 너무 다른 느낌이라서 다소 불편한 느낌이 들었어.",1
온몸이 찌릿찌릿하고 짜릿짜릿한 재미로 스릴 넘치는 영화였습니다! 주인공의 용기를 보면서 나도 용기를 가져야겠다고 느낀 순간들이 많았습니다. 5성 만점에 5성을 주고 싶은 마음입니다.,1
이 영화는 진짜로 재미있고 교훈적인 내용을 담고 있어요!,1
이 작품은 당시의 상황과 주제를 주입식이 아닌 긴장감있고 재밌게 전달하는 능력이 탁월한 작품입니다.,1
"케이블이 제대로 작동하지 않아 불편했는데, 그만 나왔으면 좋겠어요.",1
다르덴과 이냐리투의 차이밍량이 완벽하게 조화를 이루어 한 그릇의 짬뽕에 담겨있어요. 매번 먹을 때마다 새로운 맛을 느끼게 해주는 이 조합은 정말 대단하다고 생각해요!,1
여군 잼없음 뭐하는건지 ...ㅡㅡ잼없음 엠비씨 다잼없음 질린다이제 과 비슷하지만 더 다양한 리뷰를 해봤으면 좋겠어요.,1
멋지다!,1
"한석규, 김혜수의 연기가 돋보였지만, 어딘지 모르게 약간 어설픈 느낌이 남는 영화였다.",1
솔직히 역볼라바이러스가 떠들석해서 보게된영화인데 작품성이나 어떤면에서도 20여년전 영화라고보기엔 믿기힘들정도로 정말 잘만들었다고본다 마지막후반부가 살짝 아쉽긴하지만 이정도면 수작이라고본다 시간이 아깝지않은영화. 여기에 마치 뒷편이 더 기대되는 드라마처럼 이야기를 잘 마무리한 것 같아 더욱 흥미로웠다. 정말로 잘 만들어진 영화라고 생각한다.,1
매우 흥미로운 영화였습니다. 지루하지 않고 흥미로운 이야기와 몰입감 있는 연기로 인해 시간 가는 줄 모르고 봤습니다. 추천합니다.,1
재미가 있다고 투덜거리지 마세요.,1
용가리 정말 대단한 놈이다ㅋ,1
"이 영화를 이제서야 보다니.. 정말 내 인생 최고의 작품 중 하나로 꼽을 만한 작품이다. 어떻게 내 삶을 살아가야할지 고민하게 만들어주는 시간이었다. 또한, 모건 프리먼은 나이가 들어도 여전히 매력적이다. 한 마디로 훌륭한 영화였다.",1
작가가별로다 내용이진짜별로임.. 맨날그냥기대하고 재방송하면 혹시나하고봐줘도 답없다진짜.. 그래도 기대하면서 봐야겠다.,1
진짜 대단한 영화인 것 같아. 몇 번을 봐도 여운이 남는 명작이야.,1
아~ 진짜 조금만 더 손 좀 보면 왠만한 상업 영화 못지 않게 퀄리티 쩔게 만들어 질 수 있었는데 아쉬웠어요. 그래도 충분히 재미있었습니다. 개인적으로 조금만 더 잔인하게 더 자극적으로 노출씬도 화끈하게 했더라면 어땠을까 하는 국산영화라 많이 아낀 듯 보입니다.,1
제발 멈춰주세요. 이제 그만하고 싶어요. 진심으로 지루해요.,1
"정말 대단한 작품이었습니다. 아름다운 색감과 몰입력 있는 이야기가 마음을 사로잡았어요. 강력 추천합니다!",1
"드니로의 연기는 정말 일품이었어요. 나도 맥스가 샘을 죽이길 진심으로 바랬는데, 그 감정을 완벽하게 표현해주었어요. 너무 멋진 배우라서 항상 놀랍습니다.",1
대단한 작품입니다.,1
정말 훌륭한 영화였어요.,1
정말 실망스러웠어요...,1
"배우들은 지네들 안뜨니까 이런영화 찍을껀데??? 왜 안뜨는지 진짜 모르는거야? 면상 딱 보면 알겠구만... 왜 지네 자신들은 모를까?
 배우들은 왜 지네들 안뜨니까 이런 영화를 찍는 건지 진짜 이해가 안가. 얼굴만 보면 엉뚱한 역할을 맡길 정도로 어울림이 전혀 없는데, 지네들은 진짜 이걸 스스로 알 수 없는 건가요? ",1
어린이들이 즐겁게 볼 수 있을 것 같아요! 내 어릴 적의 동심을 다시 한 번 되살려주는 듯한 느낌이 들어요.,1
무술인이 왜 총을 드는지에 대한 질문에 대해 깊이 있는 고찰을 해주고 있습니다. 이 질문은 무술인의 훈련과 실전 경험을 통해 얻은 통찰력을 담고 있어서 흥미롭게 읽었습니다. 그런데 이 리뷰는 '무술인이 총을 드는 이유'라는 점에 대한 현장 경험을 더욱 살려준다면 더욱 완성도가 높아질 것 같습니다.,1
10점을 주고싶은 리뷰입니다.,1
크리스토퍼 왈츠와 타란티노의 조합은 진정한 예술의 향연이다!,1
"한국에서는 유명하지 않지만, 이 영화는 외국에서는 상상을 초월하는 유명함을 가지고 있습니다.",1
오랜만에 정말 흥미로운 영화를 봤어요.,1
"오늘 막방을 보면서 정말 아쉽다는 느낌을 받았어요. 방송 대본이 완성도가 높다는 느낌을 받았고, 드라마의 수백향은 정말 바른 드라마였던 것 같아요. 악역들도 과하지 않아서 좋았고, 지친 마음을 달래주는 드라마였어요. MBC 화이팅!",1
"평점조절위원회에서 나왔습니다(웃음)김혜선은 @내일이 오면@의 김순정,순정이 역할이 제일이다.팜므파탈로써,그 정도까지 잘해낼 줄은,정말 의외였어...연기20년 한사람에게 요즘 사극에서 벌어지고 있는,그녀에 대한 연기논란은 왠지 코미디의한장면 같음(웃음) 라고 해봐요.",1
"영화가 마무리되는 시간에 멍하다가 다 보고나면 한 마디 나올 거 같아요. 그리고 그 말은 ""별로네...""입니다.",1
공유 진짜 멋있어!!!ㅎㅎㅎ,1
활기차고 개성 넘치는 영화다. 말하기 부담스러운 성을 재미있게 다루었다.,1
소파에 죽 치고 앉아 지켜 볼 이유가 없는 작품인 것 같아요.,1
와우!!!!!!!!!!!!!!,1
"주요 대상이 어린이인데, 흔한 논리로는 설득하기 어렵다는 것은 이해합니다. 그러나 게임은 매력적이지 않고, 주인공인 요원이 정말로 무능해서 재미가 없습니다. 또한 CG 배경도 제 인상에는 별로 어울리지 않았어요.",1
"이 영화는 사운드 녹음이 혼돈스러워서 들을 수가 없었고, 주인공의 춤 실력은 전혀 없었습니다. 또한 내용이 너무 예상되고 지루했으며, 주인공들의 목소리도 영화에어 어울리지 않았습니다. CGV에서 도중에 뛰쳐나오고 싶었지만 참았습니다. 완전히 실패한 영국의 DVD용 뮤지컬영화입니다. 맘마미아보다 평점 1/10도 못합니다.",1
"어린 나이에 봤음에도 꽤나 좋아했던 로맨틱코미디는 마치 꿈같이 사랑스러웠다. 이 영화는 재미있고 유쾌한 이야기와 로맨스적인 분위기로 가득했으며, 주인공들의 사랑스러운 모습에 내가 빠져들었다. 영화 속 멋진 장소와 아름다운 사랑 이야기들은 나에게도 소망과 희망을 줬다. 코미디적인 요소도 잘 배치되어 있어 즐거움을 배가시킬 수 있었다. 어린시절부터 좋아한 로맨틱코미디와 비슷한 매력을 가진 이 영화는 내 삶에 활력을 불어넣어주었다. ",1
"게이물인줄 모르고 봤는데, 정말 어설픈 연기와 평범한 스토리로 실망스러웠어요.",1
"알바를해야 하는 사람들에게 꺼지고 싶은 마음을 가지게 해주는 영감적인 문장입니다. 알바생들은 이 문장을 보면서 힘을 내고, 알바가 끝나는 시간을 더 기다리며 최선을 다할 수 있을 것 같아요.",1
"저 영화 봤는데...진짜 머임? 왜 받아봤지? 그게 궁금해질 정도로 실망했다. 배우들도 스텝들도 이 영화의 꼭두각시였는데, 감독의 책임이 어디 있었던 건지 이해할 수 없었다.",1
4대2라니....최악은 너무 어이없어요.,1
이 영화는 정말 아름다웠어요!,1
"자극적인 것에 익숙해진 현대인이라면, 이 연출은 눈을 뗄 수 없는 신선한 경험이 될 것이다. 감독의 연출력은 화려하고 파격적이며, 관객들에게 뜨거운 감정을 일으킬 것이다. 이 영화는 당신을 충격과 감동으로 뒤흔들며, 기존의 관람 습관을 깨어버리게 할 것이다. ""자극적""이라는 이유로 무시하기엔 너무나도 매력적인 이 작품을 꼭 경험해보길 추천한다.",1
빵~빵~잘 볼걸 나도 당했음,1
이 영화는 정말로 짜증의 극치를 보여주는 작품입니다. 굉장히 불균형한 느낌이 들어서 참을 수가 없었어요. 뚱뚱하고 못생긴 주인공의 연기는 시간이 지나도 일관되게 형편없었어요. 그리고 때때로 흘러나오는 잔잔한 클래식 음악마저도 듣기 힘들 정도로 상당히 싫고 짜증났어요.,1
"감동감동ㅜㅜ, 정말 최고네요!!!!",1
별점 주기도 아깝네요 얼마나 내용이 진부한지 욕 밖에 안나오네요보고 재밌다고 하는 사람 초딩들인가요 죄송해요 너무 화가나서.아무 것도 볼게 없습니다 보지 마세요 그냥 티비판짜집기 한거 같네요 ,1
일반적으로는 짜증을 잘 내지 않는 편인데...-_-,1
돼지피를 먹고 닭을 목따는 장면은 정말 충격적이었어요. 무당은 진정한 프로페셔널이라는 걸 다시 한 번 느낄 수 있었습니다.,1
버려요.,1
재미없고 지루하고 잠이 왔다.,1
"3류풍 판타지 3점만 가져가는 작품은 과 같은 분위기와 세계관을 가지고 있습니다. 이 작품은 유쾌한 이야기 전개와 독특한 캐릭터들로 가득차 있어서 흥미롭게 읽을 수 있었습니다. 그러나, 개인적으로는 이 작품의 세부적인 설정과 플롯이 조금 더 발전될 수 있었으면 좋겠다는 생각이 들었습니다. 전반적으로는 재미있는 판타지 작품이라고 할 수 있으며, 팬타지 장르를 좋아하는 독자들에게 적극 추천할 만한 작품입니다.",1
"윤종신 복귀가 기뻤지만 이하늘이 왜 뽑힌지 이해할 수 없어요. 참가자의 실력을 평가하기 전에 심사위원의 인격과 능력을 먼저 갖추셨으면 좋겠네요. 부탁드릴게요, 그만좀 하세요.",1
이 작품은 정말로 광장하다! 오래된 작품들을 찾아보고 싶어지게 하는 작품이다.,1
"사랑, 우정, 모험, 감동을 모두 담은 내 생의 최고의 영화. 액션 장면도 화려하고 감정적인 연기도 인상적이었어요. 꼭 한 번 더 볼게요!",1
어린시절 지옥같이 무섭고 재미있게 봤던 추억의 판타지영화. 나쁜 짓은 절대 금물이야!,1
기존 멜로영화 형식을 탈피하려고 하였지만 감정의 절제가 지나치면서 너무 담백한 영화였다.,1
사랑비 서준에게 쏙 빠져버린 경험은 정말 특별하고 행복한 시간이었어. 난 그 순간을 1.2.3초만에 쏙 잊지 않을 거야. 후회도 안할 것 같아.,1
"이 영화를 보고 나도 남은 인생을 화려하게 살아야겠다는 교훈을 받았어요! 말로 표현하기 어렵지만, 이 영화에서 전달되는 메시지는 정말 강력하다고 생각합니다.",1
추억에 젖어들고 너무 좋았어요ㅋㅋ 아무 생각 없이 가볍게 보고 와도 좋을 것 같아요~,1
재미있는 싸이코물에 벗어나 다양한 요소를 가진 이야기! 적절한 사이코물 요소와 긴장감 넘치는 전개로 끝까지 흥미를 끌어올립니다.,1
이게 14년도에 만들어진건가요? 아니면 예전에 만든거 다시개봉한건가요?ㅠ너무 허접해요 ㅠ,1
이 영화 너무 좋아요! 귀여운 장면도 많고 사랑스러운 이야기도 너무 좋아요 ㅠㅠ 1번 봤는데 너무 좋아서 바로 2번째까지 봤어요. 넘 귀여워서 마음이 편해져요 ♥♥,1
개콘은 점점 갈수록 코너들이 지루하고 웃음이 안 나요.,1
사다코의 한이 서린 우물펀치ㅜㅜ 감동적인 작품이었습니다!,1
"후세와 사랑하게된 결정적 계기는 시노가 출현하는 연극으로서, 그 시간이 표현되지 않아 아쉽기는 하지만 인간의 생명을 빼앗아야만 하는 이유 등을 더 자세히 알려줄 수 있다면 좋겠다 생각해요. 또한 시노가 얼마나 본능을 절제하면서 사랑을 하려고 노력하는지를 더 잘 보여준다면 더욱 좋을 것 같아요.",1
"새벽시간에 하는 일본 영화들은 전부 개졸작이라고 하는데, 일본영화가 원래 다이래? 그래도 궁금해서 한 번 봐볼까 싶어서 기대돼.",1
"강수연은 멋진 몸매와 끼가 넘치는 매력으로 나를 매료시켰고, 최정원의 신음은 황홀한 경험이었다. 이들의 조합은 정말 최고였다!",1
"오! 김혜성이 너무 아름다워요, 이현진도 웃으면 정말 사랑스럽네요...하...",1
가발을 사용하면 머리가 바로 예뻐지고 스타일이 돋보입니다.,1
화려한 여정이 인상깊어요! 배우 배두나의 연기도 정말 잘하네요. 정말 재밌게 봤습니다!,1
"10대들을 위한 성적 호기심 영화는 역사적인 사건을 배경으로 한 어린 시절의 성장과사랑, 친구관계를 다루는 잔잔한 이야기였습니다. 주인공의 첫사랑과 성장 과정을 통해 지루하지 않고 흥미로운 이야기가 펼쳐졌습니다. 특히, 영화 속 주인공들의 고민과 갈등을 통해 많은 10대들이 공감할 수 있는 내용이었습니다. 전체적으로 심도 있는 이야기와 섬세한 연기가 돋보였으며, 성적 요소를 이용한 노골적인 장면 없이도 청소년들의 호기심을 충족시키는 방식으로 구성되어 있어서 만족스러웠습니다. 추천합니다.",1
정말 감동적인 영화였어요!,1
이 작품은 말로 설명하기 힘들 정도로 굉장하다. 그냥 조용히 관람해봐라.,1
다양한 사람들의 신선하고 감동적인 사랑 영화,1
이 미국드라마의 파워에는 정말로 알 수 없는 그 미묘함이 있어서 사로잡히게 되었어요. 최고입니다!!,1
이 영화는 너무너무 훈훈하네요^^ 감동적인 이야기와 좋은 연기로 마음을 따뜻하게 만들어주는 작품입니다. 추천합니다!,1
이거 응답하라에서 은지원원도 스스로 욕하지 않았나?ㅋㅋㅋㅋ 대박입니다!,1
내가 웃으며 배꼽이 빠질 뻔했던 영화! 컴퓨터에 저장돼있었는데 너무 즐거웠다ㅋㅋ,1
구성이 상당히 부실한 드라마. 역시 이 영화평가는 믿을 수 없다.,1
오우삼 헐리우드 영화중 제일 실망스러운 걸작,1
어느 시기의 영웅본색을 연출한 것인지 현실성이 전혀 없는 영화였습니다.,1
"학창시절을 되돌아볼 수 있는 시간들이어서 가슴이 설레는 드라마. 작은 장면, 대사, 배경음악 하나하나 완벽한 조화를 이뤄내어 아무 것도 버릴 게 없는 작품이다.",1
진짜 재미 없는데 왜 이렇게 평점이 높은지 이해가 안 돼서 화가 나요.,1
압도적으로 지루하고 허무한 영화. 어떤 형태로도 와 닿지 않는 내용과 영양가 없는 스토리가 아쉽다.,1
"이승기 정말 연기 잘하는데, 조연들도 연기 정말 잘해서 드라마가 매우 완성도 높은 작품이었습니다.",1
이 문장은 꿈과 현실의 경계가 모호하게 표현된 인상적인 문장입니다. 현실과 꿈의 세계를 넘나들며 다양한 해석을 갖게 하는 문장이라고 생각합니다.,1
"오늘 현충일특집프로를 보게되었는데, 1963년도의 매우 훌륭한 작품이었습니다.",1
이 작품은 판의미로와 동급한 최하급 작품입니다.,1
제대하고 보니까 더 재미있었어요 ㅋㅋㅋㅋ,1
"영화를 보는 것만으로도 마음의 휴가를 다녀온 느낌.온종일 바쁜 일상에서 벗어나 소박하고 편안한 분위기에 휩싸이게 되어 지루함을 전혀 느끼지 못했어. 그래서 다시 보고 싶은 영화인데, 비이의 부엌과 햇살 가득한 장면은 특히 인상적이더라.",1
코믹한건 좋았는데 짜임새가 많이 허술하다.,1
1996년에는 이런 판타지 로맨스 영화가 우리 나라에 없었어요. 그래도 신현준의 황장군 연기는 꽤 괜찮았어요. 한석규의 전성시대를 담은 영화를 보고 한석규 팬이 되었어요~~♥,1
이 영화를 재생하면 괴물같은 서스펜스와 비슷한 흡입력에 귀신같이 빠져들게 됩니다.,1
이 영화를 댓글로 추천받고 한 번 봤는데 기대에 못 미쳤어요. 이게 무슨 버킷리스트인지 모르겠어요! 죽기 직전에 소원을 이루어주는 게 내가 보기에는 말 그대로 살기 전부터 이루기로 다짐하는 게 아닌가 싶어요. 감동도 없고 진짜 '버킷리스트'란 영화에 비하면 쓰레기영화입니다. 완전히 실망했어요.,1
"오늘은 밝고 긍정적인 드라마를 보고 싶었는데, 연기들이 너무 오버해서 좀 거슬렸어요. 특히, 홍혜정 역할은 그나마 후련하고 시원해서 괜찮았는데 나머지 등장인물들은 답답하게 느껴졌어요. 내일 월요일인데, 행복한 것만 보고 싶네요.",1
"정치인의 모순인가, 정치범의 모순인가.... 은(는) 뚜렷한 주장과 목표를 갖고 있지만, 종종 그들의 행동과 결정이 모순되어 보입니다. 이 모순은 정치 인물들의 모호한 행동, 백치 정치, 혹은 불공정한 정치적 시스템으로 인해 발생할 수 있습니다. 아울러, 정치범들 또한 이러한 모순을 내포하고 있을 수 있으며, 그들이 가진 이상과 실제 행동 사이의 차이를 보여줄 수 있습니다. 이러한 모순은 인간의 본성과 정치적 권력사이의 불완전한 상호작용을 나타내며, 주제를 이해하고 심도 있게 고찰할 수 있도록 도와줍니다.",1
이런 상상력은 정말 대단하다.,1
"이 책은 정말 어려웠고, 전쟁에 대한 묘사도 이해하기 힘들었습니다.",1
"한국에서는 일본에서 10주년 극장판을 만들었더라도 10주년으로 재개봉하는 것은 과하지 않을까 싶습니다. 다른 극장판과 비교해볼 때, 조금 아쉬운 면이 있지 않나 싶습니다.",1
"한대희가 개그콘서트보는 중에 전화를 끊어버린다고해서, 개그콘서트를 없애달라는 요청을 하려고 했는데, 이런 리뷰를 쓰기에는 좀 무리가 있는 것 같아요. 그냥 재미있는 개그와 함께 즐길 수 있는 콘서트였어요! ㅡㅡ",1
"한물 간 동서양 두 배우의 싸움판은 정말로 멋진 액션 영화입니다. 예측 불가능한 전개와 잘 연출된 액션 장면들이 시청자를 완전히 사로잡습니다. 배우들의 연기력도 훌륭하며, 특히 동서양 배우들 간의 화려한 싸움 장면은 마치 예술 같습니다. 이 영화는 액션 영화 팬들에게 강력히 추천하고 싶습니다.",1
푸하하하 이거 기대 안했지만.. 역시나 구만..ㅋ,1
세계최초의 반공 애니메이션에는 훌륭한 역사적 가치가 담겨있습니다.,1
"이 작품은 감각적인 시각으로 바라보는 색다른 느낌의 사랑을 문학적으로 표현한 아름다운 작품이다. 감정과 감각이 서로 얽혀있는 이야기는 눈을 감고 듣고 느끼며 함께하는 독자들에게 새로운 경험을 선사한다. 이 작품은 말로 표현하기 어려운 감정의 향연을 자연스럽게 전달하는데 성공하여, 독자들은 작품 속의 캐릭터들과 함께 감정의 여정을 함께하게 된다. 이러한 문학적인 표현력은 작품에 깊이와 풍요로움을 더해주며, 독자들은 마치 작품 속 주인공들과 함께한 것처럼 세상을 달리는 기분을 느낄 수 있다. 리뷰를 읽으면서 색다른 감각을 경험해보고 싶다면, 이 작품을 꼭 추천한다.",1
"이 영화는 감정적인 상황을 다루는 독특한 스토리를 가지고 있으며, 주인공의 갈등과 이해하기 어려운 행동들을 통해 관객에게 깊은 생각을 하게 만들었습니다.",1
이영화는.제발 책을보세여.감독이 미친겁니다.이따위로 만들어놓고.화가 날정도 ㅡㅡ와 비슷한 리뷰를 남기면 영화를 보고 싶지 않을 정도에요.,1
신나는 레게 음악과 힙합만큼 매력적인 것은 없다.,1
정말 지루한 영화였네요. 시간과 돈을 아깝게 했습니다.,1
"그저 한마디뿐 '알리시아'는 흥미진진한 이야기와 매력적인 캐릭터들로 구성된 작품이다. 작가의 상상력과 뛰어난 문장력이 돋보이며, 독자를 긴장감 넘치는 세계로 끌어들이는데 성공한다. 정말로 밤새 읽고 싶은 만큼 중독적인 매력을 느낄 수 있는 독특한 작품이다. 추천한다!",1
엄청난 생동감과 실감을 느낄 수 있었다.,1
재미있는데 평점이 높다 싶을 정도로 높다.,1
옥소리 프로필 사진에 1점남기고 가기 싫어요 ㅋㅋㅋㅋ완전 대박이다 진짜 아우 짜증나!,1
드라마 너무 존잼당!,1
정말로 너무 좋아요ㅜㅜ 짱짱!!!,1
연기는 정말로 굿했다!,1
이런 영화 다시는 안나오겠지..그때 시절을 완벽하게 잘나타내주었던거같아요 ㅎㅎ ,1
중간정도 부터 봤는데도 정말 대단하다고 생각되요...,1
콩은 까야 제맛이지만 조금 더 입맞에 맞게 까는 기술이 발전하면 더 좋을 것 같아요.,1
이적의 소설. 지루하다.,1
액션영화라기보다는 범죄 느와르 영화로 분류할 수 있다. 하지만 범죄 느와르로서도 실패작이다.,1
미지의 매력에 푹 빠져버리게 되는 영화입니다.,1
"이런 문장을 읽으면서 정말로 어떤 사람들은 어떻게 감동을 받을 수 있는지 이해가 되지 않습니다. 살인이라는 진저리를 통해 피해자와 가해자를 구분하는 것이 당연한데, 이런 부성애라는 이야기가 어떤 사람들에게는 감동으로 다가온다는 사실 자체에 충격을 받습니다. 사회의 문제인 살인을 단순한 관점으로 접근하는 것에 대해 더욱 심각한 문제의식을 가져야한다고 생각합니다.",1
이렇게 재미있는데 평점이 왜 이렇게 구리지요?,1
아 OOO기.. 이걸 본 내눈이 아깝다 ㅡㅡ 진짜 아놔 진짜 OOO기명작이네요. 정말 말로 다 할 수 없을 정도로 대단한 작품입니다.,1
돈주고 본 값이 아깝다..딱딱하게 재미없다..2점밖에 주기가 어렵다..망작과 비슷한 영화.,1
여기 보고 싶은데 어디서 보죠???,1
영화 너무 재미있는데요!! ㅎㅎ,1
남주인공의 연기력이 너무 안습이었어요... 혀짧은 소리를 듣기도 힘들었어요. 남주인공을 맡은 매니저 역활분이 남주인공을 훨씬 잘 했을 것 같아요. 영화 자체는 적당히 볼 만한 것 같습니다. ^^,1
"3점이 딱....로맨스,코믹인데 로맨스와 코믹이 없다.",1
스토리가 엉망이고 추천하지 않아요.ㅜ,1
이 영화는 뭘 전달하려는지 모르겠네요. 오글거리고 과장된 요소들이 많아서 전체적으로 가벼워 보이는 느낌이 들었습니다.,1
이 영화는 정말 좋았어요.,1
더빙이 이상해서 영화를 보는 동안 조금 당황스러웠어요. 할머니는 평소에는 익숙한 더빙을 좋아하시기 때문에 이번에는 좀 아쉬워하셨을 것 같아요. 그래도 그 외의 요소들은 만족스러워서 전체적으로는 좋은 영화였습니다.,1
이게 2편이 나왔어??? 정말 놀라운 소식이네요!,1
모든 면에서 2%씩 모자랐다는 것은 정말 충격적이었습니다... 실망스러웠던 것은 50%나 떨어진 것 같아 너무 안타깝습니다.,1
정말 말 그대로 '쇼'하는 영화.. 과 같은 리뷰입니다.,1
"12년 전에 보았던 영화인데, 기억이 희미하지만 감독 이름인 진개가(천카이거) 세 자는 기억나네요. 그런데 이번에 다시 보니까 내용이 비슷한 것 같아요. 출연자와 이야기 전개는 다르지만, 액션과 긴장감이 기존의 영화와 비슷해서 마음에 들었습니다. 이 영화도 잘 만든 감독의 작품인 것 같아요. 추천합니다!",1
"정은지 언니의 연기는 정말 잘하시고, 노래 실력도 훌륭하셨습니다! 마지막 회를 웃으면서 즐겁게 보다니 너무 좋았어요! 정말 트로트의 연인이라고 할 수밖에 없네요! 정은지 언니 화이팅!♥",1
이건 웃기지 않네?,1
완전 망해요.,1
"아이의 시선으로 바라본 전장에선, 가슴이 먹먹해지는 순간이 끊이지 않았다.",1
사람들이 심심하다고 해서 아마 기대를 안 했을 텐데 나는 생각보다 볼 만한 영화였다. 다만 여자애와 복순이가 다투는 장면은 굳이 없어도 되지 않았을까 싶다. 그래도 그 장면이 없었다면 몰입도는 더 좋아졌고 어색함도 덜 느껴졌을 것 같다.,1
"설정은 연속극같은 느낌이 들지만, 배우들의 연기력은 뛰어나서 매력적이다.",1
"여주인공 인터뷰할 때 몰입도가 떨어져서 약간 실망스러웠지만, 그럼에도 불구하고 킬링타임용 스릴러로는 꽤 재미있게 볼 수 있었습니다.",1
전미 박스 오피스1위 ㅋㅋ 그냥 몰아주기 하는건가 어떻게 이런영화가 1위를 하지 옛날 80~90년대 우뢰매수준의 물폭탄싸움이네 ㅋㅋ 손에서 빔나가나 손에서 물폭탄 나가나 다를게 뭐지? 이 영화는 너무 지루하고 예상가능한 장면들로 가득차 있어요 ㅋㅋ 액션도 허술하고 특수효과도 좀 서툴러요. 정말로 이 영화가 1위를 한다니 놀랍게도 실망스러워요.,1
감독이 남자다보니 기량이 많이 딸리네,1
또 보고 또 울.었.다.. 하지만 그만큼 감동적인 영화였어요.,1
"이러한 영화는 오직 시각적인 아름다움만을 강조하며, 전체적인 이야기의 일관성과 결합성을 무시한다. 모든 것이 아름답게 표현되었지만, 따라가기 힘들어진다.",1
굿굿,1
"스토리 전개가 너무 어색하고 사랑 이야기도 제대로 다루지 않아요. 돈과 시간을 아끼고 싶다면 꼭 보지 않는 것이 좋아요. 호구와 비슷한 경험을 하고 싶다면 이 작품을 고려해보세요.",1
이 작품에서의 대사는 정말 인상적이네요! 네놈을 살려두기엔 쌀이 아까운 이 마음을 표현하는데 세기의 명대사라 할 만한 리뷰가 될 수 있을 것 같습니다. 작품의 분위기를 잘 살린 이 대사는 더욱더 작품에 매력을 더해주었죠. 집중력을 끌어주며 생생함과 긴장감을 함께 전달하는 이 대사로 더욱더 이 작품에 접하기를 원하게 됩니다.,1
"평점이 지나치게 높다. 아무런 재미도 느껴지지 않았다. 말만 많고 내용이 없어 쓸데없는 느낌이었다. 아쉽게도 조연들은 주인공을 따라올만한 매력이 없었고, 여배우의 매력도 그리 크지 않았다. 이전에 저스트고위드잇의 애니스톤을 보았던 영향일까 싶다. 정말 실망스러웠다.",1
이 드라마는 정말 맛깔나요!,1
"시베리아에서 훈련 중인 훈련병이 되어보는 느낌을 완벽하게 전달해주는 OST라 생각합니다. 강렬한 리듬과 울림이 키워드가 되면서, 훈련장에서의 짜릿한 분위기를 떠올리게 합니다. 이 OST와 함께라면 자신감을 가지고 어려운 훈련도 충분히 극복할 수 있을 것 같아요.",1
제목이 야경꾼 일지라고 하지만 시간이 흐를수록 질보다는 지루함이 더 두드러지네요. 10회가 넘어가고 2달이 넘어도 아직까지 이야기가 뻔한 흐름을 타고 가고 있어서 한 순간에 모든 것이 지루함의 지존이 되었습니다.,1
나이가 들수록 이해가 가는 영화를 볼수록 내게 더욱 친숙해지는 느낌이 들었다.,1
ㅠㅠ 마음이 아파요.,1
장면 완성도도 없고 아역 연기력도 형편없고 마치 추노에 출연하는 민폐언년 외국판인 줄 알았어요.... 초반만 그럴싸한 저급영화 수준이에요.,1
이 영화 정말 별로에요. 결말도 이상해요...,1
별로 흥미롭지 않아요 킁;;,1
"송강호의 연기는 정말 탄탄하고 완벽한 퍼포먼스를 선보이며, 그의 연기력으로 우리는 깊은 감동과 즐거움을 느낄 수 있었습니다. 송강호는 단연코 연기의 천재이며, 그의 캐릭터 속에 빠져들면 마치 현실에서 벗어나 새로운 세계로 빠져들어갈 수 있습니다. 그만큼 송강호는 연기파의 정점에 위치한 배우입니다.",1
"일본영화 수입 금지 시절에도 비디오 테이프로 돌려봤던 불후의 명작, 아 그립네요. 독특한 스토리와 감동적인 연기력으로 내내 눈과 마음을 사로잡은 영화입니다. 장면마다 오랜 시간이 흘러도 여운이 남아있는 작품입니다. 다시 한 번 볼 수 있다면 저는 언제나 기쁠 것 같습니다.",1
이토록 재밌을 줄이야. 그리고 살인에 대한 감독의 해석은 정말 재치있어. 대 배우님들의 10여년전 모습도 새로웠고. ㅋ. 정말 유쾌하고 재밌어.,1
누미 라파스 신봉선과 비슷하게 제작된 새로운 영화를 볼 수 있어서 좋았습니다.,1
케이블에서 그만 좀 재활용해라.,1
"훌륭했다. 정말로, 훌륭하다는 말 이외에 말할 것이 없다.",1
98년에 이렇게 훌륭한 영화가 탄생했다는 사실에 어떻게든 의아함을 느끼게 됩니다. 그 당시 최고의 영화로 지금 보아도 전혀 낡지 않은 퀄리티를 자랑합니다.,1
나도 이런 내가 한심하다고 생각하면서 티비로 돈내고 보고있는 것 같아.,1
쓰레기 연예인의 재기는 기대 이상이었습니다.,1
좋아 굿 경험했어요.,1
이 드라마는 정말 감동적이었습니다!,1
"발로만든영화. 주인공이 넘어지는 장면에서, 뒤로 걸어다니는 사람들의 우아한 모습이 인상적이었습니다. 발CG, 발연기, 그리고 발시나리오가 함께 조화를 이루어 이야기 속에서 발을 주요한 요소로 소개하고 있는 점이 흥미로웠습니다. 하지만, 내용 자체는 정말로 뭐같았습니다. ㅋㅋㅋ",1
이 작업은 언제쯤 끝나는 건지 적당히 해야겠어요.,1
워터루 다리의 안개와 마스코트는 정말로 잊을 수 없는 경험이었습니다. 안개에 휩싸인 다리를 건널 때의 신비로움과 마스코트와 함께하는 이색적인 분위기는 정말 특별하고 유니크했습니다. 추억에 남는 즐거운 순간이었어요.,1
곤사토시 감독... 2010년 너무나 안타깝게 돌아가셔서 가슴이 먹먹합니다.. 정말 천재적인 감독인데 말년에 암으로 가시다니.. ㅠㅠ 이제와서 다시봐도 모든 작품이 여전히 대작이네요...,1
너무 많은 생각을 하다보니 약간 부담스러웠어요. 예뼈지는 마음도 있었지만 조금 지나치게 생각하면 독이 될 것 같아서 조심스럽게 생각했어요. ^^,1
"아 츠무구만 없어지면 별 5개 줄게! 이 음식은 정말 맛있어요. 매우 신선하고 조리도 정말 깔끔하게 되어 있어요. 특히 아 츠무구를 넣으면 그 맛이 한층 업그레이드 됩니다. 제가 좋아하는 음식 중에 가장 맛있는 것 중 하나이며, 매번 주문할 때마다 반드시 아 츠무구를 추가해야 하는 정도로 사랑하는 음식입니다. 꼭 한번 드셔보세요!",1
"처음에는 조폭영화로 알고 봤지만, 나이가 들면서 이게 인생의 풍경이구나 하며 감동을 느끼게 되는 영화입니다. 세상에서 느낄 수 있는 여러 가치들이 점점 와닿게 되었는데, 세상은 비정해도 친구들과 함께하면 마음은 따뜻해지네요.",1
영상이 정말 멋지다.,1
"이 비디오를 봤는데, 재미있었습니다. 1997년도에 만들어졌다는 사실에 놀라웠습니다. 영화는 긴장감 넘치는 장면들로 가득했고, 한 시대의 분위기도 잘 담아냈습니다. 추천합니다!",1
"처참한 카페입니다. 음식의 맛이 전혀 없고, 서비스도 최악이었습니다. 다시는 방문하고 싶지 않은 곳입니다.",1
"2009년에 만들어진것치곤 재밌음 영화가 조금 길긴 했지만, 소재도 좋고 몰입감도 기대이상입니다. 매끄럽지 못한 부분도 있지만, 배우들의 연기는 둘 다 잘한 것 같습니다.",1
"액션과 로맨스를 결합한 철저한 스토리텔링으로 볼거리는 절대로 부족하지 않다. 박정아는 매력적인 액션신 이지만 그녀의 연기는 아주 평범하다. 그러나 전체적으로 봤을 때, 이 영화는 흥미진진한 시간을 보장해준다.",1
"좋은 점은 군더더기 없이 잘 진행되는데, 아쉬운 점은 재미가 없어서 조금 아쉬웠어요.",1
기대 안하고 봤는데 꽤 재밌네요. 배우들 연기력도 좋고 포스도 느껴져서 좋았어요.,1
고다미 맛있음,1
오 내게서 지ooo짜증!! 남자친구랑 봐서 민망해 죽는줄,1
0점이 아니면 안 되냐?,1
빠순이 영화 정말 웃기고 감동적이었어! 너무 재밌었어!,1
최악의 영화.. 지루하고 재미없고 스토리마저 진부하다.,1
좋은 의도와는 다르게 불편한 표현법을 사용하는 것은 유감스럽습니다.,1
줄리아로버츠의 귀여운연인은 5년 전의 이 작품처럼 매력적이었다.,1
신선한 과일들이 정말 맛있어요.,1
"심오한 감성과 풍부한 상상력이 공존하는 예술 작품! 예술가로써의 삶과 당시 시대적 상황을 깊이 감춰 보여준 명작이다. 강렬한 감정과 표현력으로 작가의 내면 세계를 진솔하게 전달하며, 독특한 문체와 아름다운 비유들이 작품의 매력을 더해주고 있다. 이 작품을 통해 한 사람의 인생 이야기와 그 시대적 상황을 직접 경험한 듯한 감정을 느낄 수 있다. 더불어 예술의 힘과 가치에 대한 깊은 생각을 하게 해주는 추천작이다!",1
관객수가 너무 아쉬운 영화...베테랑보다도 더 류승완감독의 역작이고 더 강한악역이다,1
한창 핵펭귄이 세상을 속이던 때를 상기시키는 영화입니다.,1
티비를 보기 어렵다는 문장입니다.,1
"그렇게 못하면 좀 참을 만할텐데, 왜 그렇게 많은 사람이 죽는 거야ㅋㅋ정말 엉망진창이야.",1
성룡의 헐리웃작 중 참 최고라고 생각합니다 ㅋㅋㅋ,1
환영받을만한 곳이 아닙니다.,1
감독의 의도를 전혀 파악하지 못했습니다.,1
하나님이 진리일 존재로서 가정을 완벽하게 만들어 가장 감동적인 영화를 만들었다. 이 영화를 보는 것에 더불어 눈으로만이 아니라 마음으로까지 봐야 한다.,1
"2편의 전반적인 흥미진진한 분위기는 마음에 들었지만, 핀헤드의 죽음은 좀 아쉬웠습니다. 좋은 캐릭터들 중 하나였기 때문에 이런 결말은 조금 아쉬웠습니다. 그렇지만 그만큼 이야기에 긴장감을 더해준 것 같기도 합니다. 전체적으로는 재미있는 영화였습니다.",1
국내 코미디 영화 중에서 나는 '신라의 달밤'이 가장 좋았다. 영화 속 분위기가 어딘가 푸근하고 따뜻해서 마치 따뜻한 달빛을 받고 있는 것 같은 느낌이 들었다.,1
이 영화를 보다가 진짜 지루해 죽을 뻔했어. 최악이라고 말해야 할 정도로 잠이 올 뻔했어.,1
탄탄한 배우들이 멋지게 연기를 펼치는데 놀랐습니다. 어떤 캐릭터든 소화해내는 모습에 감탄을 금치 못했습니다.,1
이번 영화는 점점 끝을 달려갈수록 몰입도가 더 높아져서 정말 흥미진진하게 봤어요.,1
감독 자신의 의견을 지존파 핑계로 감추려고 한 것 같아요. 지존파 살인을 정당화하고 정부나 사회를 탓하는 요소가 많이 보입니다. 이런 리뷰는 영화의 주제와는 조금 다른 것 같아 아쉽네요.,1
"사실여부를 떠나, 알고왔던 아더와는 너무 매칭이 안돼더라. 원탁기사 중 실제 검술 최고수로 알고 있던 랜슬롯이 트리스탄보다 못하고, 싸우는 검술은 마치 중국검술을 흉내낸 것 같았어요. 게다가 란슬롯이 실제로는 쌍검을 사용했을까요? 너무 매칭이 안된다는 느낌이었어요 ㅋ 기네비어 역도 미스였습니다. ",1
이 영화는 대한민국 영화 수준을 떨어뜨릴만한 C급 영상물과 비슷한 수준이다.,1
"정말 좋았지만, 조금 아쉬운 점은 0점이 없다는 게 조금 아쉬웠어요. 그래도 전체적으로는 매우 만족했습니다.",1
너무 재밌어서 더이상 얘기할 것이 없는 정도입니다. 즐겁게 보고 피로를 푸는데 최적인 영화였어요.,1
실망스러워.... 기대했는데 완전 못해... 섬세하지 않았어...,1
종착역 없는 인생의 대유를 표현한 트레비스의 음악은 정말로 인상적이다. 그의 음악을 들으면 마치 흐르는 물처럼 시간이 흐르는 걸 느낄 수 있다. 지루함 없이 계속해서 나아가는 그의 음악은 정말로 멋지다.,1
돈과 시간이 아까운 영화입니다.,1
네러티브가 전혀 없는 예쁜 음악 동영상이었어요. 취미로 영화를 만드는 것이라면 이 영상만으로도 만족할 수 있을 것 같아요. 음악은 정말 잘해서 더욱 빠져들었어요. 전체적으로 완벽한 조합이었습니다.,1
"배우들의 연기는 훌륭했지만, 뭘 말하려는 건지 조금 알아보기 어려웠어요.",1
학위위조성범죄자 문제에 대한 영화를 제작한 이유는 문제를 인식시키고 사회적으로 논의되도록 하기 위함인 것 같습니다. 제작비를 아끼려고 하지 않고 오히려 패자부활전을 통해 이 문제에 대한 관심을 높이기 위한 전략일 것입니다.,1
"솔직히 말해서, 이 제품은 과와 정말 유사한 맛을 가지고 있어요.",1
너무 재미있어요! 어린이들에게도 완전 알맞은 영화예요.,1
"너무 잔인했고 정말 무서웠어요, 그래도 톱은 너무 멋있었어요~~",1
당장은 무섭지는 않지만 기분은 상당히 나빠져서 쩝,1
깔끔하지만 강렬한 내용을 잘 전달하는 뜻밖의 훌륭한 영화였어!,1
이 영화는 정말 최고야. 진짜로 최고다고 알아.,1
그랜드 부다페스트 호텔과 비슷하네요. 캐스팅도 아까울 정도로 좋아요!,1
시간을 아까웠어요...돈이 많이 들었을 것 같은데...영화사 망했네~ㅎ,1
"이 영화가 왜 인기있는지 이해가 안돼요. 아이언맨 시리즈의 개그보다 뛰어나다는데, 웃어야 하는 부분도 모르고 내용도 이해할 수 없어요. 히어로놀이에 대해서도 이해가 안되고요. 도대체 왜 이렇게 평점이 높은지 이해할 수 없습니다.",1
"""비록 로봇이지만 자기 자신에 대해 고민하고 감정을 가지며 인간으로서 살아가는 앤드류의 이야기는 나에게 영화 속에서 가장 감동적인 순간을 선사했다.""",1
영구와 땡칠이 시리즈는 정말로 레전드영화입니다!,1
초딩 때 봤던 그 비디오는 정말로 재미없었어. 근데 나중에 우연히 다시 봤는데 완전히 다른 느낌이었어. 왜 그때는 재미가 없었는지 이해가 안돼. 98년에 초등학교 2학년이었으니까 그때의 기억이지. 사촌형이 당시 나름 최신 비디오를 빌려왔던 것 같은데 왜 그렇게 실망했는지 기억이 안나.,1
죽을 만큼 조용하고 슬픈 눈동자 속에 감춰진 끊임없는 사색과 명상이 있습니다.,1
"영화 정말 감동적이었어요, 너무 슬프지만 눈물이 흐를 만큼 아름다웠어요. ㅜㅜㅜ",1
누가 더 혀짧은지 내기하면 정말 흥미로운 박물관이 될 것 같아요!,1
"심은하가 애 둘 딸린 심은하의 눈부신 미모와 아름다운 영상들로 메인 주제가 과 비슷한 리뷰를 제공해줍니다. 그의 뛰어난 연기력과 매력적인 외모는 시청자들을 매료시키며, 영상의 내용도 흥미로우며 재미있습니다. 심은하의 열정과 헌신은 화면을 통해 느낄 수 있으며, 그의 천재적인 연기 실력은 많은 사람들에게 감동을 주고 있습니다. 이 리뷰는 심은하의 팬 뿐만 아니라, 그를 처음 접하는 사람들에게도 강력히 추천하는 바입니다.",1
"3기는 아직 나오지 않았지만, 기대됩니다. 이야기들이 아직 많이 남아있지만 극장판을 보면서 시간이 너무 빠르게 지나갔네요. 정말 싸패지 않나 싶습니다.",1
너무 지루하고 스토리가 이해하기 어렵고 다이상한 점이 너무 많아요.,1
정말 답 없네요. 왜 이런 걸 하려고 했는지 도무지 이해가 안 가네요.,1
절망하고 슬픈 상황에서도 자신을 돌보아야 하는 인생의 잔인함을 거부한 비참함에 대해 이 문장은 깊은 고뇌와 감정을 자극한다. 죽음의 그늘을 느끼며 삶에 대한 허망함을 느끼는 순간들을 통해 우리는 진정한 사회의 어리석음을 깨닫게 된다. 이 문장은 현실적이고 진지한 톤으로 삶의 고난과 어려움에 대해 생각하게 만드는데 성공했다. 외면하고 싶지만 지나치기엔 너무 끔찍한 현실을 담아냈기 때문에 존재하는 의미에 대해 생각하고 싶게 만드는 명작이다.,1
페이스 허거 너무 맛있어ㅋㅋㅋㅋㅋ 하나만 더 먹고 싶어요!,1
시간이 가도 변함없는 매력을 지닌 영화,1
이 영화는 정말로 감동적인 여운을 줘서 너무 좋았어요.ㅎ,1
"소피마르소와의 말같지도 않은 불륜이 내용을 다 망쳐버리는데, 실제 역사에는 그런 똥같은 이야기는 전혀 없었다고 한다. 또한, 주인공이 죽을 때 공주는 10살이었다는데, 이런 사실을 알게 되니 조금 어색한 느낌이 들었다. 만약 이 작품이 미국인과 맞서 싸우는 아메리칸 원주민의 자유 투쟁기였다면, 아마도 아카데미상은 받기 어려웠을 것 같다. 전체적으로 이 작품은 실제 역사와는 멀어져 있는 내용이라고 할 수 있다.",1
이 책은 따뜻하고 훈훈하게 여운을 남기는 부정 속을 느낄 수 있었습니다. 어떤 상황에서도 우리는 희망을 잃지 않아야 한다는 가르침을 전달하는 이야기였습니다. 이런 종류의 책은 찾기 힘들어서 마음에 드는 책을 하나 더 발견한 것 같아 너무 기쁩니다. 추천합니다.,1
잼과 비슷한 맛과 향을 가지고 있지만 조금 더 달콤한 맛을 느낄 수 있어요.,1
이 영화 정말 재미있게 봤어요!,1
영화의 분위기가 매우 현실적으로 그려져 있어 어딘가에서 일어날 것 같은 느낌이 강하게 전달되었습니다. 우베볼 감독은 이런 영화를 만들고자 하는 이유가 누군가가 실제로 따라할 수 있도록 바라는 것 같아요. 특히 정장을 입은 월가의 사람들은 이 영화를 보면서 웃음을 짓게 될 것 같습니다.,1
"소피마르소와의 말같지도 않은 불륜이 내용을 다 망침. 물론 실제 역사에는 그런 똥같은 이야기는 전혀 없었음. 하지만 이런 가상의 스토리도 재미있게 볼 수 있었고, 주인공이 죽을 때 공주가 10살이었다는 사실은 좀 충격적이었습니다. 만약 이 영화가 미국인과 맞서 싸우는 아메리칸 원주민의 자유 투쟁기로 설정되었다면 아카데미상을 받았을 가능성이 높았을 것 같습니다. 그래도 전체적으로는 이 영화는 흥미로운 판타지적인 요소를 담고 있어서 시간 가는 줄 모르고 봤습니다.",1
이 책은 마음이 따뜻해지는 내용과 함께 훈훈함을 느낄 수 있는 멋진 이야기를 담고 있어요. 이 책을 읽으면서 따뜻한 감정이 가득차고 좋은 영감을 얻을 수 있었습니다. 강추합니다!,1
"잼은 맛있고 고소한 과일 소스로, 빵이나 토스트에 발라 먹으면 정말 맛있습니다! 하나만으로도 먹을 수 있는 만큼 풍부한 맛을 가지고 있어서, 아침이나 간식으로 딱 좋아요. 집에서 만든 잼이나 마트에서 구매한 잼 중에도 좋은 것들이 많아서 선택의 폭도 넓어서 좋습니다. 만약 잼을 좋아하고 다양한 맛을 즐기고 싶다면, 다양한 종류의 잼을 맛보는 것도 추천합니다. 리뷰를 쓰는 대신에, 한 개의 잼을 고르라고 하셔서 아쉬워요. 다음에 또 다른 잼에 대한 리뷰를 작성하도록 하겠습니다!",1
이 영화 정말 매력적으로 재미있게 봤어요!,1
"어딘가에서 벌어지는 이야기가 실제로 일어날 것 같은 강렬한 느낌이 든다. 우베볼은 이런 영화를 만들면서 누군가가 따라 해보기를 바라는 것 같은데, 월가의 사업가들이 이 영화를 보고 웃을지 궁금하다.",1
림프비즈킷의 OST는 정말 최고야! 개봉 당시 극장에서 봤는데 영화내내 오우삼 쥑이고 싶었던ㅋㅋ 정말 재미있었어! 10점 만점에 10점으로 평가할 만하다고 생각해.,1
견자단 대박!! 엽문 시리즈는 매번 기대를 넘어선다.,1
"오월의 멜로를 정말 오랜만에 봤는데, 이 영화는 보고보고 또 봐도 계속 보고 싶어지는 매력이 있어요. 특히 늦은 밤이라 그런지 야릇한 느낌이 들어서 더욱 매력적이었어요. 1순위로 올리는 것에 전혀 고민할 필요가 없을 정도로 즐거움이 온전히 전달되었던 영화였어요.",1
흥미롭게 봤어요. 배우들 매력적이네요. 마음이 빠져들었어요.,1
"스토리, 액션, 그래픽 하나하나 매력있고 흥미롭게 구성된 걸작. 정말 게임으로만 즐기는 건 아쉬울 정도로 완성도 높은 작품이다.",1
그냥 레전드다 레전드!!! 영화는 진짜 대단하다.,1
이렇게 좋은 영화를 못 봤어요. 내가 진짜 명치를 겁나 때리고 싶다고 생각하게 만들었어요. 이 영화는 내 예상을 훨씬 뛰어넘어서 재미도 있고 인생에 큰 도움을 줬어요. 꼭 한번 봐야한다는 걸 깨달았답니다. 이 영화가 인생을 바꿔줄거에요.,1
키아누 리브스는 어마어마한 액션 실력을 자랑하는 최고의 배우이다!,1
"소재가 아름다운 영화. 조금 아쉬운 점들이 있지만, 이 영화는 영화스러운 극적 로맨스보다는 한 남자의 실제적인 마음과 시선을 더 잘 표현하고자 했던 것 같아서 그런 것 같다.",1
"영화평론가는 아니지만, 분명히 좋았다. 한 번 보면 후회하지 않을만한 영화가 아닌, 깊은 울림이 있는 영화.",1
역시 효느!!! 역시 재밌다ㅋㅋㅋ 재탕중...,1
4대강과 비슷한 경치를 감상할 수 있는 장소입니다. 푸른 자연과 큰 강이 가까이 있어서 편안한 산책을 즐길 수 있습니다. 다양한 레저 활동이 가능한 곳이기 때문에 가족이나 친구와 함께 즐거운 시간을 보낼 수 있어요. 4대강과 비슷한 느낌을 느끼고 싶은 분들에게 추천합니다.,1
간첩색휘들의 노고에 박수를 보낸다! 밥을 먹으며 열심히 임무를 수행하는 모습에 감동을 받았다. 헌신적인 간첩들의 노력을 응원한다.,1
이탈리아 특집에서 출현한 좀 검증된 애들은 정말 재미있었어요! 일정한 수준의 실력과 매력을 갖고 있어서 시청자들의 관심을 한껏 사로잡았어요. 이런 애들이 계속 출현하면 더욱 더 재밌겠다는 생각이 들었어요. 추천합니다!,1
아 정말 짜증나네 절때보지말껄욕나옴. 너무 실망했어요.,1
너무 슬퍼요 ㅠㅠ,1
최악의 환경속에서 이런 만화라도 만든사람들에게 경의를 보낸다. 영감을 받아 더 나은 작품을 만들어내는 그들에게 박수를 보낸다.,1
여운이 너무오래오래 남는 영화! 이이경을 절로 사랑하게 만드는 작품이었어요.,1
이런게 한국 영화라니?!,1
진짜 이게 뭐야.. 완전히 이해할 수 없어요..,1
"진짜 짱이에요! 혼자 자식 키우며 살아온 엄마라니 정말 대단합니다. 그의 아들도 힘들게 살아오면서 예민해지고 날카로워진다는 것이 이해가 되네요. 하지만 결국 가족이라면 어쩔 수 없는 상황인 것 같아요. 아빠라는 사람도 생각보다 최악이 아니라는 말에 무슨 이야기가 있는 것 같아요. 여자들은 확실히 요구하면 도와주는데, 그 말이 왠지 짠하게 와닿네요. 나 혼자서 끙끙거리지 말고 단순하게 생각하는 것도 좋은 생각이에요.",1
CG도 별로고 전개도 별로고 연기도 별로고 한마디로 실망이다.,1
"길을 잃고 막막한 상황에서 번지수를 잃고 갈팡질팡하는 모습을 충분히 묘사한 장면이었습니다. 이런 상황에서의 혼란과 불안감을 체감할 수 있었고, 주인공의 고독과 외로움을 더욱 명확하게 느낄 수 있었습니다. 긴장감과 의문점이 동시에 증폭되는 이 장면은 독자들에게 강한 인상을 남겼습니다.",1
사랑스럽고 감동적인 영화네요! 정말 좋았어요.,1
"최고의 영화였어! 정말 흥미진진한 줄거리와 극강의 연기력, 멋진 시각 효과까지 모두 완벽했어. 꼭 한 번 더 보고 싶은 영화다. 추천합니다!",1
"13년 전의 영화를 다시보니 공효진의 코 평수가 줄어들고 콧대가 높아진 것 같아요. 정말 못생겼던데, 하지만 권상우는 화산고때 왼쪽 팔자가 심했던 것 같은데 지금은 사라져서 더 잘 생겨진 것 같아요. 그리고 장혁은 멋지게 늙어서 더 멋있어 보여요. 다시보니 웃기네요.",1
촉감이 말랑말랑해서 손에 편안하게 느껴지네요.,1
열심히 공부하면 미래가 밝아지는걸 알게 되었습니다. 공부를 안하면 후회할 일이 생길지도 몰라요.,1
그냥. 매우 훌륭하다.,1
"전쟁 후의 아픔을 묘사한 이 영화의 마지막 장면은 정말 강렬하고 인상적이었습니다. 특히, 토마스가 더러운 유태인이라고 말한 장면에서는 미묘한 감정들이 사슴인형을 밟아가며 표현되어 더욱 압권적이었습니다. 유대인 가족사진을 보면서 암시적으로 유대인을 상징하는 사물과 수줍은 표정들이 나타나는 모습은 정말로 혼란스러웠습니다. 정말 멋진 영화였습니다.",1
오랜만에 애니메이션스럽고 아름다운 동화를 본 기분이다.,1
너무 감사합니다 정말로 감사합니다.,1
"사실, 둘 다 변태라고 할 수 있겠지만 각자의 변태함이 미묘하게 다릅니다.",1
샤넬의 성공 이야기가 아니라 샤넬과 그의 남자들의 인생 이야기에 눈을 먼저 끌었다.,1
이 영화는 내용이 전혀 없다.,1
"십수년의 세월이 찰나의 순간처럼 느껴지는 시간의 상대성 이론에 대한 이야기가 흥미로웠습니다. 이 책은 시간의 흐름과 기억의 관계에 대해 깊은 고찰을 제시하며, 우리가 경험하는 시간의 상대성을 다양한 예시를 통해 설명해줍니다. 저자는 학문적인 내용을 다루면서도 이해하기 쉬운 언어로 설명하여 집중해서 읽기 좋았습니다. 독자들은 시간과 기억에 대한 더 깊은 이해를 얻을 수 있을 것입니다. 시간을 경험하는 우리 모두에게 추천할 만한 좋은 책입니다.",1
니노의 이중인격 연기는 정말로 두근거리게 만들어요!♥,1
"너무 감동적인 영화였어! 재미도 있고, 마음에 와 닿는 장면들이 많았어.",1
열정을 마구 충전해주는 영화.,1
"연기력에서는 유혹하지 못하지만, 다른 면에서는 매력적인 작품입니다.",1
"이 작품은 실망스럽다. 재미도 없고, 세상을 깜짝 놀라게 하는 센세이션도 없다.",1
"모든 노력에도 불구하고, '차이나타운'을 송치하고 베댄 것은 절대로 용서할 수 없다.",1
"신화 화이팅 에릭 화이팅>< 모두 힘내요 ! 이 드라마는 정말로 놀라운 연기와 흥미진진한 스토리로 가득 차있습니다. 신화 멤버들의 연기력과 솔직한 감정 표현이 매력적으로 다가와서 끊임없이 시청하게 됩니다. 각 장면마다 장애물을 극복하며 성장하는 캐릭터들의 모습도 인상깊고, 특히 에릭의 매력적인 연기는 시청자들에게 큰 감동을 주었습니다. 이 드라마를 보면서 모두 힘을 얻을 수 있도록 응원합니다!",1
엔딩이 너무 감동적이에요 :(,1
영화관에 가면 더 좋았을걸...어린시절로 돌아간 느낌이 들어서 정말 만감이 들었어요.,1
정말 최고였어요 ㅠㅠ 이민정씨와 신하균씨 연기 너무 멋있었어요!!,1
감동적으로 본 영화 중 손에 꼽히는 작품,1
"이 영화를 보고 정말 충격을 받았어요. 마지막 장면에서 몬초가 빨갱이라 소리질렀다가 갑자기 다른 단어를 말하는데, 그 순간에는 선생님에 대한 그리움, 미안함, 슬픔 등이 교차해서 느껴졌어요. 특히 몬초가 마지막에 울먹인 모습은 너무 안타깝게 느껴져서 가슴이 아프더라구요. 이런 유감과 감동이 있는 영화였습니다.",1
잘 보았습니다.,1
정말 안무서운 귀신이에요! 애기처럼 귀여워서 깜놀할 뿐이에요. 너무 실망했어요.,1
이 영화는 정말 어설프다. 연기도 별로고 스토리도 흥미롭지 않고 실망스러운 작품이었다.,1
배우들의 따뜻한 연기는 일상의 힘겨움을 그리는 현실감도 완벽했어요.,1
"여자배우들 정말 미스캐스팅. 연기력 안습... 박신혜, 이나영 연기땜에 참고 봤다.",1
"1차 세계대전 중 피고진 청춘들은 무기와 기술력으로 압도적인 20세기의 현대적인 전투를 치루었지만, 그들을 이끄는 정치인들과 고위 장교들의 전쟁 전략은 여전히 19세기적이었습니다. 이는 전쟁을 일으킨 원인과 이유에 대한 이해와 관련이 깊은데, 이러한 엇갈림이 그들의 경험과 시대적 문맥을 반영하고 있습니다.",1
이 책은 분명히 다른 시선을 가지고 있지만 꽤 괜찮은 내용이 담겨져 있습니다.,1
왜 이 영화를 봤을까 싶은데 송강호와 이병헌 나와서 본 듯. 명불허전 실력파들이 쌔끈하게 연기해주어서 좋았어요.,1
"솔직히 6점때가 뭐냐 약간 더러운 장면만빼면 7.5정도다. 역시나 비슷한 평가를 할 수밖에 없지만, 약간의 변화나 추가적인 내용이 있으면 더욱 흥미로웠을 것 같다.",1
"와 한재석님 신인답지 않은 코믹타이밍 잘 봤습니다, 다음 작품에서 또 뵙길 바랍니다.",1
예상을 뛰어넘는 영화..한 번 봐도 계속 보고 싶은 영화.,1
"흥미로운 영화! 피해자만 있고, 피의자는 없는 이야기가 진부하지 않고 재미있었습니다. 과연 진실이 밝혀질 수 있을까요? 궁금한 마음에 끝까지 긴장하며 봤습니다. 추천합니다!",1
개마음막힌 주인공이 혼자서 복수를 하지 못하는 건 정말 답답하다. 주변 사람들이 도와줬으면 좋겠다는 민폐녀의 태도도 참 어이없다. 그런데도 아직도 그녀에게 끌리고 다니는 것 같아서 신기하다.,1
신선한 소재. 화끈한 액션. 스피디한 전개와 비슷한 리뷰입니다.,1
"이 영화의 3박자는 상세한 디테일에 절로 감탄이 나왔다. 시가전의 퀄리티는 정말 완벽하고, 남자의 사랑에 대한 묘사는 깊고 다채로웠다. 특히 한석규의 연기는 누군가를 사랑하는 마음의 디테일을 더욱 훌륭하게 전달해줬다. 마지막 얘기의 완벽한 완급조절은 심장을 두근거리게 만들었다. 이 영화는 정말 멋있었다.",1
탕웨이찡 그녀의 매력만으로도 10점을 주기에 충분하다!!,1
너무 감동적인 영화였어.,1
이 영화는 정말로 도박에 성공한 작품이다! 정말 괜찮다!!,1
억지스러운 시나리오..지루한 전개.. 1편 보다 못한 구성등.. 2편은 안나오는게 나았다..망작..배우들이 영화보는 눈이 없어서 안타깝다.,1
ㅋㅋㅋㅋㅋㅋㅋㅋ 완전 못하는 영화,1
이 영화가 왜 평점이 높은지 전혀 이해하지 못하겠어.. 진짜 이유가 뭐지? 😕,1
"이 영화는 평생에 기억할만한 영화 중 하나다. 비록 정상적인 소재는 아니지만, 공포와 비슷한 분위기와 긴박한 전개로 인해 스릴을 느낄 수 있는 멋진 작품이다. 마치 꿈과 현실이 섞여있는 듯한 이야기도 매력적이었다. 오랜 시간 동안 생각나며 여운이 남는 영화였다.",1
현재 상황을 보니까 이 영화가 생각났어요.,1
"이 영화는 정말 마음속에 깊이 남는 영상미를 가지고 있어요. 마지막 장면에서 사람들이 짐승으로 보였다가 아수라가 사람같아 보이는 건 처음엔 혼란스러웠지만, 이것이 더욱더 영화의 메시지를 고요하게 전달해준거 같아요. 많은 것을 생각하게 만드는 이야기는 독특하고 재미있게 펼쳐져서 한 편의 예술작품을 보는 느낌을 받았어요. 꼭 추천하고 싶은 영화입니다.",1
"단정하게 말하자면, 진심으로 지루한 영화들의 통틀어진 특징은 스포츠영화, 군대영화, 자막 나오는 영화와 비슷하다는 것이다.",1
로버트 드니로의 광기 어린 재판을 만끽할 수 있는 농구 드라마 영화,1
감동감동감동의 꽃게찜,1
"세계 곳곳에서 변화가 시급한 상황이지만, 변화를 이끌어낼 방법을 찾기 어려운 딜레마에 놓여있는 것 같아요...",1
매력적인 벤지! 똑똑하고 예쁘며 귀여운 친구에요. 정말 압삘럽해요! ㅎ,1
당시 개봉날 보고 웃으면서 나왔다. 돈 아까워도 한 푼도 아깝지 않은 영화였다.ㅋㅋ,1
최고의 영화입니다!,1
이 영화는 숨막히게 잔잔한 분위기와 치밀한 연출로 장단 없이 흘러가는 복선들이 특징인데요. 세세한 감정표현과 함께 김영애의 연기는 그 자체로 보는 이에게 매료되게 만들어 줍니다.,1
Once upon a dream의 아름다운 멜로디와 평화로운 분위기가 마음을 편안하게 만들어줍니다. 이리로 빠져들어 웅장한 꿈을 꾸게 되었어요.,1
"시나리오 연출 연기 모두 아쉬웠지만, 이번 작품은 억지로 만들어진 중국 신파 경극과 같았다. 시간과 돈을 아까운 느낌이 들었다.",1
거절하는 몸짓을 하면서 저 하늘을 감상할 수 있어서 정말 좋았어요! ^^,1
"이 드라마는 처음부터 끝까지 계속해서 문제를 빙빙 돌려서 해결하는 느낌이 있어서 짜증이 났어요. 어떻게 해결될지 궁금해서 보려고 했는데 아직도 안 밝혀지니까 더욱 짜증이 나요. 또한 사건이 하나 끝나고 또 다른 사건이 터지면서 진짜 짜증날 것 같아요. 만약 밝혀질 내용이 있더라도 좀 더 빨리 밝혀졌으면 좋겠어요. 그래도 작가님의 스토리텔링과 연기는 정말로 좋아서 드라마 자체는 좋아하는데, 짜증 나요.",1
졸면서 봤다 왜이리 평정이 높은겨 내용도 별거 없고 아오 감수성 영화냐 이거...너무 실망스러웠어요.,1
예상치 못한 영화의 매력이 도착한다. 상당히 훌륭한 영화.,1
절대로 이런 영화를 한 번 더 상영하면 용서하지 않을 거야. 지금 영화를 보면서도 카톡하고 있잖아. 진짜 아놔.,1
"책속의 그림은 아름답게 보존되어 있지만, 박물관 안에는 살아있는 존재감이 느껴지지 않았어요.",1
노땅들의 비참한 추억미화와 동일한 경험을 했습니다.,1
어릴적에 눈물을 흘리며 웃을 때의 기억을 다시 떠올려서 감회가 새롭게 드는 작품입니다 ^^,1
"이 영화는 인종차별과 유괴라는 두 주제에 대해 명확하게 다루고 있어서 가슴 아픈 감정을 불러일으키지만, 그만큼 현실을 생생하게 그려낸 것에 대해서는 칭찬할 만합니다. 인종차별과 유괴라는 불협화음을 다룬 이야기가 매우 강렬하게 전달되어 있는데, 이를 통해 사회문제에 대한 경각심을 높일 수 있을 것입니다. 다만, 더욱 다양한 해결책이나 대안을 제시했다면 더욱 완성도 있는 작품으로 평가할 수 있었을 것 같습니다. 그렇지만 전체적으로 해석의 폭이 넓고 생각할 거리가 많은 영화입니다.",1
고명환이 연기가 대단한지? 순전히 돈이 없어서 만든 것인가..후자라면 시간낭비하는 영화,1
속편에서는 주인공이 전작처럼 앨빈의 밴드였으면 좋았을 것 같다. 캐릭터 추가로 더 이상해진 듯합니다. ,1
혼자 보기에는 너무 아까워요. 이 영화는 2004년의 명작이에요.,1
마지막 결투씬 짱! ㅋㅋ 폭풍의 눈물에 빠져서~ 팝핀현준 할아버지 ㅋㅋㅋ,1
"정말 좋아요, 선거술 최고네요!",1
환경 보호를 위해 쓰레기를 함부로 버리지 말아야 합니다.,1
나에게는 맞지 않는 성향의 영화 중 하나였어. OST는 괜찮았지만.,1
"즐~~~~~했던 경험이었습니다. 정말 멋진 곳이었고, 즐거우며 기억에 남는 시간을 보냈습니다.",1
이런 막장 드라마는 정말 못봐서 진짜 이런 것들이 어떻게 인기를 끌 수 있는지 이해할 수 없어. 진짜 주인공들부터 성격이 이상하고 뭐 하나 제대로된 게 없어. 이런 건 조기 종영이 답이야.,1
줄리델피의 매력은 나이가 들수록 더욱 빛나는 것 같아요!,1
이 드라마는 내가 본 일드 중 최고입니다! 너무 재미있어서 놀라웠어요>0<,1
역시 명작은 명작이다. 뛰어난 스토리와 훌륭한 연기력이 돋보이는 영화였다.,1
음...어떤가요...영화 제목을 잘못 보고 흥미로운 내용을 기대했지만 약간 실망스러운 느낌이 들어요.,1
기독교영화인데 내용이 좀 얕아서 실망했어요. 영화도 조금 엉성한 느낌이었어요.,1
영화는 너무 비약하고 삭제된 내용 때문에 행간을 잃어버렸다. 책에서 꽉 찼던 느낌과는 정반대로 모든 것이 엉성하다. 그냥 책으로 읽는 것이 더 절절하게 다가온다.,1
너무나 감동적인 영화입니다.,1
스킨헤드성님들이 이 영화를 즐겨봤습니다.,1
굉장히 실망스러웠어...자동차 열매니아인 나로서는 평점 5점 이하로는 절대로 받아들일 수 없어. 진짜 속았다! 아오~,1
